Id,Lineage,PC1,PC2,PC3,PC4,PC5,PC6,PC7,PC8,PC9,PC10,PC11,PC12,PC13,PC14,PC15,PC16,PC17,PC18,PC19,PC20,PC21,PC22,PC23,PC24,PC25,PC26,PC27,PC28,PC29,PC30,PC31,PC32,PC33,PC34,PC35,PC36
Acc_B_c1_1,Apis cerana cerana Bangalore,0.006474611,0.001584285,0.007307944,-0.003951131,-0.005207169,-0.002005236,-0.00522327,0.003102621,-0.008170288,-8.99E-04,-4.87E-04,0.005807109,0.001689821,0.004347035,0.002235021,-9.52E-04,0.002173815,-0.001244648,-0.00121697,6.66266540333942E-4,-1.42E-04,-2.61E-04,6.115890630675003E-4,-0.001680514,-1.93E-04,-6.79E-04,-0.001436462,0.002150913,-7.62E-04,0.001119427,4.4328251798037954E-4,-7.77E-05,-4.43E-04,4.7280351598633335E-4,1.2071501812360751E-4,-6.53E-04
Acc_B_c1_10,Apis cerana cerana Bangalore,0.008715926,0.004966113,0.007753499,-0.001653247,0.002388753,0.006038211,-0.001439367,-0.006669883,-0.001061732,-0.007575181,-0.006997373,-2.57E-04,0.001009525,0.002343551,7.808583933763644E-4,0.005547584,-6.43E-04,-1.64E-04,-0.001165941,-9.17E-04,4.4312138907905726E-4,-0.004828306,4.0247228168600207E-4,-3.54E-04,-2.86E-04,-0.002702781,3.963590510021887E-4,-0.001717599,-0.002036291,8.286290397994912E-4,0.001183705,1.0525573162414362E-5,2.1072798709770047E-4,3.7064080356207765E-4,-1.40E-05,-1.70E-04
Acc_B_c1_2,Apis cerana cerana Bangalore,0.007365646,0.023629238,0.00573925,0.010986950662235661,-2.56E-05,-0.003342731,0.003341786,0.004292568,-0.006677836,0.005660984,8.72051111475216E-4,-0.001291913,-0.003247943,-0.005326059,-0.004280069,-0.002094021,1.7108177316488065E-4,-0.002833134,-0.003947512,-5.06E-04,-5.79E-04,4.874583238254021E-4,-0.002286301,2.077470974400416E-4,3.300315739135271E-4,-0.002196088,-6.18E-04,1.2023638727035317E-4,-0.001549758,0.001315194,1.4252731122264752E-4,9.661094280158405E-5,-0.001362437,6.862743528357799E-5,-0.001019298,-7.98E-04
Acc_B_c1_3,Apis cerana cerana Bangalore,-0.003582581,0.00733171,0.00674672,-7.92E-04,-0.005407888,2.66282376620982E-4,0.007260949,0.0058525,4.3597098621572805E-4,-0.002053447,-7.48E-04,-0.004378211,0.006183709,-0.005845451,8.165226902941299E-4,-0.00112488,-8.74E-04,3.741820085307968E-6,0.003743177,-0.002050046,-9.16E-04,-2.69E-04,0.001479867,-0.003170101,8.338314206945292E-4,-6.92E-04,1.7683672057594406E-4,-2.15E-04,-8.64E-05,3.798854029100811E-4,6.55236390545282E-4,-1.29E-04,3.9246836500012944E-4,-7.91E-04,-6.57E-04,0.001394043
Acc_B_c1_4,Apis cerana cerana Bangalore,-0.002149231,0.004644569,-0.003737164,-0.001902993,-0.005532203,-0.003281935,0.007611157,-0.003933569,0.007056882,-0.003843067,0.002908502,-0.002282318,0.003971197,-0.004225515,4.284145736942621E-4,6.004411593555671E-4,0.002706223,-0.00425549,0.001867219,0.00104601,-0.00131513,-0.003729651,-9.65E-04,0.002274828,-1.27E-04,-0.002790277,0.001804345,0.001245248,-0.001280426,-1.71E-04,-5.14E-05,0.001147409,7.622499388194382E-4,4.4275577438874624E-4,5.849573622016673E-5,-0.001678285
Acc_B_c1_5,Apis cerana cerana Bangalore,0.004972948,0.007637598,0.008978184,3.475594236059064E-4,0.002018825,0.006512492,0.00527938,0.004393605,-5.91E-04,-0.001135037,-1.08E-04,-2.19E-04,0.00541218,0.002058909,0.001657073,0.00162471,-0.004434024,0.001716429,-0.001134015,-1.68E-04,-0.00236549,3.0774686080778724E-5,-0.00193414,-3.64E-04,-0.001475458,-0.002148365,7.738794098489819E-4,-0.001539367,-0.002181539,0.001091047,0.001263003,6.079541633934648E-4,-4.96E-04,-1.40E-04,-5.94E-04,-8.03E-04
Acc_B_c1_6,Apis cerana cerana Bangalore,-0.011039029,0.021040869,0.001178937,-0.003385033,0.011915937,9.391243759331833E-4,0.005601883,0.002569522,-0.001243863,-0.004446431,-0.002593777,-0.00221188,0.00473982,-0.003714571,-0.004949779,0.006181874,-0.005590509,-0.001703559,0.001646575,0.002093008,0.001907877,-0.002302918,-0.002673979,-9.18E-04,5.585217161125419E-4,-8.68E-04,-5.43E-04,0.001111904,-6.49E-04,1.2525288357268178E-6,0.002657248,0.001077354,-0.001049826,-3.33E-05,4.318417567217177E-4,3.591005892159757E-4
Acc_B_c1_7,Apis cerana cerana Bangalore,0.004423059,0.011672117382620749,0.005882449,0.004834232,-7.21E-04,0.005162962,0.00599163,8.191568441040605E-4,5.820375922769532E-4,-0.00211044,-0.003401781,-0.004041739,0.004652027,0.002418634,-0.003458503,-0.00165377,0.001943351,-0.002141906,-0.001001534,0.004095189,-9.81E-04,4.1463741656618555E-4,9.22785797667564E-4,-2.05E-04,-0.002838985,-1.21E-04,0.001700803,-0.00130839,-2.51E-04,9.208244240749669E-4,2.48817951725302E-4,4.851454470481201E-4,2.2563768194839228E-4,2.1017644300316027E-5,-2.91E-04,7.511983200762806E-5
Acc_B_c1_8,Apis cerana cerana Bangalore,0.008212037,0.018225179966691527,0.014841720010972954,0.003302609,-0.004548212,-0.010517144,0.004676613,-0.004802532,-0.00185749,4.065880891757946E-5,-0.003112543,0.002175811,0.005019945,-7.34E-04,-0.0025818,-0.001481804,5.225995305257027E-5,-0.00174915,4.818100107418263E-5,-1.41E-04,-6.94E-05,1.9697719980070352E-4,-7.85E-04,6.295142031889241E-4,-9.14E-04,-9.34E-04,-5.69E-05,-0.001658253,0.001033683,2.1348517258968784E-4,1.7396392513887215E-4,1.6275160612233149E-4,5.138585920413563E-4,7.364035224598438E-4,-6.60E-04,-3.65E-05
Acc_B_c1_9,Apis cerana cerana Bangalore,0.01960071,0.011457361,0.020004757353209692,0.003258255,0.00208972,-0.004816449,0.007900942,-0.005839248,0.002537701,-0.002037221,-0.006350335,-0.002106351,-0.002002158,-0.001020942,0.001518852,-0.00429509,3.4300107991749667E-4,2.54253302479663E-4,-8.44E-04,-0.001471295,0.00207584,-0.001420726,0.001637037,9.234308474439807E-4,-0.001955642,-6.60E-04,-0.00153827,2.756935032359283E-4,-0.001398186,1.582805403209023E-5,-8.72E-05,3.1161870901142566E-5,-1.50E-04,-3.89E-05,3.0425589537637625E-4,-3.59E-04
Acc_B_c2_1,Apis cerana cerana Bangalore,0.007429606,-0.004882998,0.007769313,-0.009577696,-0.009234786,0.001735853,1.0959338734967139E-4,0.003557289,-1.03E-04,0.004519047,0.004863313,-0.004812168,-0.001530443,-0.006107513,0.001070138,0.001042237,-0.00153164,3.7166589312655923E-4,-0.002956467,-3.93E-04,0.002243296,-0.001894446,-9.23E-04,0.002773461,-0.002173887,-0.002603235,9.759398390540605E-4,0.001499487,2.795465216806097E-4,0.001199851,0.002603651,5.81127461597036E-4,-8.95E-04,-1.43E-04,9.838980849265157E-5,1.1459038375707736E-5
Acc_B_c2_10,Apis cerana cerana Bangalore,-0.004586805,0.003761012,-0.001826872,-0.006353663,-0.005984147,0.00428222,0.009794028,-9.89E-04,0.008656104,-0.001662143,0.004156381,3.2984786935275545E-4,3.3125327736912094E-4,-0.004069709,-3.36E-04,0.003168854,0.002238246,0.003897433,-0.001007332,0.001315371,0.003128131,5.975067350811824E-4,-2.37E-05,1.9624902460292203E-4,-0.001332963,-0.001792619,-4.03E-04,-7.48E-04,-0.002186314,7.14472871095455E-4,6.936172890900714E-5,3.499072360986413E-4,-0.001171907,0.001032721,3.9394320700508127E-4,7.330353431473119E-4
Acc_B_c2_2,Apis cerana cerana Bangalore,0.004184431,-0.010321071,0.00871802,-0.002412675,-0.003909022,-0.004082426,0.005052702,5.974201579361268E-4,8.810923258451086E-4,0.002088209,0.001426355,0.002496305,-0.001407538,0.002303449,0.002562271,8.15596762216052E-4,-0.002640222,8.032944877560276E-4,6.191123372358727E-4,-0.00158285,-0.002112856,-0.00102323,-0.00286099,-4.03E-04,6.742029863222366E-4,0.001380228,4.745008461456573E-4,-0.001675256,-2.72E-04,0.001386376,-6.86E-05,0.002075831,-5.31E-04,-1.55E-04,4.387393245141339E-4,0.00126483
Acc_B_c2_3,Apis cerana cerana Bangalore,-0.00538175,0.001590845,-0.003246397,-0.002083512,-0.011685582,-0.003362599,0.004541653,-0.001136522,0.006027945,0.005610811,-0.001772799,-2.67E-04,-0.002784496,-0.003786729,0.001832074,0.002972393,-0.002353682,2.132341562858725E-5,0.001040777,7.249942592280073E-4,-0.001177749,-0.001389797,-0.001004372,-0.001446461,-0.001438518,-6.93E-05,6.780385076425146E-4,-0.001412116,-9.02E-04,-7.60E-05,8.841607199097603E-4,-5.19E-04,-0.001819258,-9.99E-04,2.428126882636793E-5,-0.00107157
Acc_B_c2_4,Apis cerana cerana Bangalore,-0.00215886,-0.003021186,0.007714479,3.8992305760774575E-4,-0.008435336,-0.002442313,-0.003496445,0.007277391,0.003012982,0.001214236,-0.001458511,-0.004494616,0.00241382,-0.005799776,-0.006477513,-0.001810817,1.1512357636697017E-4,0.002702782,0.003644978,0.001671984,-0.001253812,-0.001749124,0.001805581,2.655184227430172E-4,7.798413120719769E-4,-0.001609706,6.563513689746154E-4,2.5802039700203343E-4,-3.69E-04,0.002050538,-3.56E-04,4.312327728331082E-4,-0.002084708,3.029907237692517E-4,2.149273363686665E-4,-7.47E-04
Acc_B_c2_5,Apis cerana cerana Bangalore,0.007892492,-0.01572947,0.008987056,-0.002525288,-0.00854891,-0.005742742,-5.19E-04,-7.38E-04,-0.001385282,0.001203298,-0.005443959,-3.50E-05,-2.96E-04,0.001504801,6.628550208855877E-4,0.002979591,-0.002981427,-7.54E-04,-9.54E-04,0.001317889,-0.003349623,-0.001392689,-5.43E-04,-0.001472511,2.3070593984253962E-4,-0.002762959,-0.001472192,-4.99E-04,-5.95E-04,0.001161176,0.001196396,3.90191140147513E-4,-3.77E-04,-2.79E-04,1.8434354309475486E-4,-4.66E-04
Acc_B_c2_6,Apis cerana cerana Bangalore,0.006191353,-0.011276733,0.00245069,1.1101507757710469E-4,-0.002548482,-0.005899683,-0.006926839,-0.007721037,0.003895604,-0.002720363,0.002238808,0.006290219,0.001766195,-5.50E-05,-0.001945818,9.918287794809712E-4,1.64338792771809E-4,0.001516843,0.002230905,0.001008568,-6.86E-05,-2.18E-04,-0.001302424,5.947169980008724E-4,-0.001631767,-9.33E-04,5.92721431192404E-4,-6.42E-04,-0.001182925,6.488361313549186E-4,0.001037095,0.002101874,9.257128794379265E-4,-0.001604068,-9.86E-04,4.453547125082334E-4
Acc_B_c2_7,Apis cerana cerana Bangalore,-0.002798836,-0.00302336,0.003302642,-0.010655092,-0.01175542,0.002629892,0.006801735,0.002360526,0.002383508,8.078493183368025E-4,5.211661359111159E-4,-1.43E-04,9.797474724560003E-4,-0.002635212,0.002223292,1.9743304163803748E-4,-0.002710776,-0.00142362,0.002497115,0.003646103,-6.02E-04,-0.002364317,-0.002657909,-0.003386254,-0.001999883,-0.001529127,-9.74E-04,-2.43E-04,-4.53E-04,0.001470713,-0.001301123,-3.96E-04,-7.23E-04,8.615141276811528E-5,-0.001280475,-5.23E-04
Acc_B_c2_8,Apis cerana cerana Bangalore,-0.006264429,-0.001012866,0.001267909,-0.001433965,-0.004169622,0.001338911,-0.003022374,0.002545696,8.16860600944212E-4,0.0029757,0.001400267,0.004105008,-7.70E-04,-0.00179128,0.003769523,4.061636159961096E-4,-0.003752543,0.002080995,-0.002043,2.3148358067628998E-4,0.003116695,-0.001370307,9.645450862966997E-4,0.001499777,2.7430944698941904E-5,9.810097210490693E-5,0.001780611,-0.002239934,-2.74E-04,-0.001324453,1.3731695918237422E-4,-0.001165279,5.305971147831214E-4,8.830226681664525E-4,3.811235603789108E-4,-0.001151936
Acc_B_c2_9,Apis cerana cerana Bangalore,0.002069951,-0.009067203,0.010414801,-0.003544389,-0.002311471,-0.0026821,0.004916032,-9.35E-05,-0.002488527,-0.007660136,-0.003837796,-0.001930013,-0.006865511,-0.005816978,-0.002893624,-0.001279342,-0.001901351,-0.001323188,-0.002933085,-8.02E-04,1.1522553002709935E-4,-0.003357727,3.5526587074242815E-4,-1.78E-04,4.938420881081794E-4,-1.30E-04,-7.76E-04,-8.38E-04,-0.002417108,0.001185017,6.698061178341225E-4,9.190549096256263E-4,9.656149517583635E-4,0.001015991,-7.67E-04,1.5183180209344977E-4
Acc_B_c3_1,Apis cerana cerana Bangalore,0.005812497,-0.00903735,-0.008371012,0.001481407,0.010909655618852456,-0.008318197,-8.15E-04,-0.007816406,-0.001401064,0.005052588,-4.95E-04,-0.005003892,0.003744246,-0.002088244,-0.001814663,0.001808615,-0.001145227,-2.38E-04,-2.39E-04,-0.001211934,-0.00125452,-0.002971426,-0.001521308,-5.28E-04,-0.001293463,-3.57E-04,-0.002624871,7.672238337276267E-4,-4.04E-04,-3.32E-04,-4.72E-04,-0.00101871,-0.001235989,0.001178967,-1.95E-04,-7.42E-04
Acc_B_c3_10,Apis cerana cerana Bangalore,0.001696051,-0.007179424,0.013611118,-9.67E-04,0.003921212,-0.004302191,-1.96E-04,-0.004527647,-0.00875567,0.005067809,0.004603051,3.2549579450095187E-4,0.00264279,-0.004241405,-0.005563255,0.002819575,-0.002796113,0.001272086,9.768614583587289E-4,0.003053476,4.036756531842528E-4,-8.37E-04,7.885072587948969E-4,3.586779756279508E-5,-0.002541205,-7.13E-04,0.001337695,2.1213445899725725E-4,-0.001618018,4.7649285853364936E-5,0.00135699,-3.57E-05,5.044808461474285E-4,9.847811310901232E-5,-2.54E-04,-5.45E-04
Acc_B_c3_2,Apis cerana cerana Bangalore,-0.002497502,-0.009982104,-0.006382459,0.011642338276895611,-5.83E-05,-6.81E-04,-0.002856802,0.0021121,0.002601885,-0.003369295,0.00299655,6.755318495355747E-4,0.00420618,8.153440759929346E-4,-0.004118038,0.002177512,-0.001480345,-0.001702108,3.602320605114455E-4,-0.003303592,0.002100207,8.676562179185229E-4,0.001569746,-6.88E-05,-0.001985466,-0.001760043,-7.93E-04,-0.001835053,-1.00E-04,6.951551113588868E-4,-1.44E-04,-1.28E-04,-6.02E-04,-7.54E-04,-4.34E-04,-3.95E-04
Acc_B_c3_3,Apis cerana cerana Bangalore,0.008979627,-0.007052911,-0.010708256,-6.60E-05,0.009325596,4.952865837353597E-4,0.006586702,0.00187653,-0.003896674,0.001961301,-0.008378566,-0.005353082,0.002897581,-0.003073898,0.004869389,1.5233507531966595E-4,-0.001013233,0.001428617,-0.001059963,0.003709834,-0.001049399,-0.001447311,2.688090964457437E-4,0.001044373,3.8723455192250463E-4,-2.82E-05,-5.31E-04,-9.74E-04,-2.11E-04,0.001735078,0.001021426,-0.001059958,3.544508000385199E-4,-0.001373342,-0.001222582,-5.76E-04
Acc_B_c3_4,Apis cerana cerana Bangalore,9.393951131225431E-4,-0.002087655,-0.001433347,-0.007579544,0.001573296,-0.003749453,0.001104704,-0.00833817,-0.002327715,3.82838481413633E-4,8.093122151265592E-4,0.001985826,-2.54E-04,0.002357043,0.001425389,0.002537891,-1.28E-04,0.002278338,5.706047217829611E-4,0.002083753,-0.001939853,-0.002685451,0.001509927,1.657072852684699E-4,-9.30E-05,-0.001672397,0.001069632,0.001472755,4.051889698509445E-4,0.001352869,-2.41E-04,-4.09E-04,-6.06E-04,5.485191437277356E-4,0.001020058,5.093927255832583E-4
Acc_B_c3_5,Apis cerana cerana Bangalore,-0.002174536,-0.005972851,-0.003779467,0.003273356,-1.30E-04,0.001577155,-0.003073422,0.003964087,-0.001033824,0.003839333,0.003287259,-0.001381058,7.827103093715245E-4,-0.001084454,-0.005997698,9.594602421260448E-4,-0.001245759,-0.001641462,-8.26E-04,0.002683201,-0.001742345,-0.002295318,-7.15E-04,1.2518271298631186E-4,-8.86E-04,-0.001577553,-0.001259757,-7.76E-04,-0.001674299,-9.07E-04,-1.66E-04,6.467662266117129E-4,3.2864006342531063E-4,3.4810447824891303E-4,-0.001162124,6.358327520785715E-4
Acc_B_c3_6,Apis cerana cerana Bangalore,0.003949987,-0.004761562,-0.002983124,0.004813999,0.008722613,-0.00188524,-0.005026568,0.00360002,0.001484561,-0.003846607,-1.26E-04,0.005306508,0.002056568,-0.001639763,-0.002067554,-0.002796149,-0.002823746,-0.001323218,-0.001080368,0.003622001,2.775472412691197E-4,0.001576589,2.875534961344488E-4,7.005041180917079E-4,9.79153943551571E-4,-0.002022432,-7.09E-05,3.8166758555965884E-4,-0.002547697,4.4581814490682597E-4,2.3585244105209675E-4,-0.001563109,-9.04E-04,-6.15E-04,4.3647683407635647E-4,5.206551876375601E-4
Acc_B_c3_7,Apis cerana cerana Bangalore,-0.005907929,-0.015047309,0.006713135,-0.005475069,0.005746311,0.013889673451013692,0.001084718,0.003575117,-0.002127042,0.005441124,-0.006227864,-0.010298457,-0.001774817,-0.001300454,-0.002381272,-0.001952985,-0.002175611,-0.00265993,-9.34E-04,0.001986201,7.093621300176471E-4,-2.97E-04,8.03503731662819E-4,-3.01E-04,-0.001635988,-7.59E-05,0.001036676,3.985983961698089E-4,-4.00E-04,-0.001128108,6.451674777126074E-5,5.024239403188566E-4,2.1029227082304015E-5,-1.42E-04,-1.69E-04,9.72561484054407E-5
Acc_B_c3_8,Apis cerana cerana Bangalore,0.012057803105414504,-8.32E-04,2.711939659169656E-4,-0.001629645,0.005122749,-0.003274372,0.001884868,-0.001578806,0.002641752,7.895757604455582E-4,0.005711948,-0.0024716,0.001414095,-0.005684202,5.761719049332281E-4,-1.97E-04,-0.004303974,-9.54E-04,1.9127201672857418E-4,0.001374232,-0.001982408,4.1873944392808586E-4,-6.49E-04,-0.001274821,-0.001711696,-4.10E-04,4.130005109429096E-4,5.706621023813747E-4,-4.53E-04,-4.48E-04,8.848941478182438E-4,3.451810514032898E-4,-0.001885848,9.082432071186644E-4,-0.001058533,0.001652557
Acc_B_c3_9,Apis cerana cerana Bangalore,-0.00135037,6.740123550051807E-4,0.005890423,0.015033550216604586,3.3469977251684855E-4,0.002655719,7.617541605969326E-5,5.721359791337336E-4,0.001201024,-0.006787855,-1.60E-04,-0.004415851,-0.001016708,-0.001707528,0.002654814,6.323462984238134E-4,-2.44E-04,0.001183945,-9.33E-04,3.445502088614083E-4,-9.20E-04,-3.57E-04,-3.04E-04,-0.001894056,-5.32E-04,-1.85E-04,-0.002946172,2.794231701206126E-4,-6.94E-04,2.5390763228843796E-4,1.7268966895405888E-5,1.4132176036887092E-4,-7.41E-04,-8.05E-04,-4.03E-04,4.129843946542926E-4
Acc_HP_c1_1,Apis cerana cerana Kullu,-0.002359379,-0.001774327,0.006451313,0.004992103,0.007400526,9.607486329851007E-5,0.003180647,0.001251799,-0.002646862,-0.003662861,0.008521284,-0.005952201,0.00643458,-8.07E-04,0.002180838,0.003426769,0.003055282,0.00262276,-6.10E-04,-0.001187487,0.002322103,-9.91E-04,-1.65E-04,-0.00352669,-4.17E-04,-0.001501637,0.001006929,-0.00123543,-0.001420132,-0.003091821,-0.001265166,3.241425682552586E-4,-0.001275226,4.3361737277893654E-4,8.694129990798636E-4,-3.37E-04
Acc_HP_c1_10,Apis cerana cerana Kullu,-0.004133547,-4.02E-04,-0.001575286,-0.009729085,-0.004871011,0.009330838,-0.003475476,-0.008007416,5.238072184588847E-4,-0.001083775,-0.001718415,-0.002846842,-0.001224533,-0.002696425,4.996906438823554E-4,-0.001803865,0.001856186,0.002360762,-6.29E-04,0.00197806,-0.005018304,0.001411294,-3.46E-04,-0.002955307,-9.56E-04,-0.00259123,-0.0011408,-9.88E-04,-0.001400361,-0.002295856,0.001031452,-3.37E-04,-4.13E-04,0.001296194,-5.88E-04,1.670122110370942E-5
Acc_B_c1_2,Apis cerana cerana Kullu,-0.002859098,0.005288983,-0.014546172,0.002760418,-0.002214926,0.005292538,2.8636511162120643E-4,-9.05E-04,0.002218818,-0.004805177,-0.004844245,0.002698504,-0.00429359,0.003675309,-0.00323878,0.002618033,-0.001246389,9.62621714800153E-4,0.00254188,-3.23E-04,3.5459291359179554E-5,-0.001160872,-2.72E-04,-0.001005266,-0.003067008,5.963444359819945E-4,0.002157301,6.913821768711215E-4,-7.73E-05,-0.003463518,7.451432245997346E-4,9.95625210481561E-4,-8.87E-04,7.700767122309443E-4,-9.78E-04,-9.96E-04
Acc_HP_c1_3,Apis cerana cerana Kullu,-0.005931897,-0.010548324,0.002344194,0.010549501468617389,0.004167656,0.010489771730641908,0.004385264,-0.002174874,-0.003521698,-0.002071934,0.00883978,-0.003018074,-0.001511656,0.003870278,-0.001260991,0.002187523,-6.48E-04,-2.50E-04,0.002024087,0.002154206,0.001676773,-9.87E-04,-1.17E-04,-3.08E-05,-7.74E-04,-0.001207987,0.001499415,-0.001136859,-8.67E-04,3.702710246155309E-4,-8.72E-04,-2.54E-05,-0.001395193,8.127932656031836E-5,-2.52E-05,-6.01E-04
Acc_HP_c1_4,Apis cerana cerana Kullu,0.005457607,-0.010539694,0.004664371,0.005442024,0.010969654483718966,-0.003614312,-0.003719181,0.002871746,0.005327743,0.001468816,-0.002769584,-0.002674699,0.001460087,4.147256668184075E-4,8.852274240390923E-4,2.372482055850759E-4,7.787910196855668E-4,-0.001998285,1.3237901591210167E-4,1.1185716778589904E-4,3.4615251900313145E-4,-9.28E-04,-0.003537182,-7.00E-04,-0.002751188,-0.001764233,0.001055967,-4.32E-04,-2.51E-04,-2.21E-04,-7.01E-04,0.001193843,-0.001180224,0.001918581,0.001207452,-5.79E-04
Acc_HP_c1_5,Apis cerana cerana Kullu,-0.012843271,0.00638701,0.004052741,0.014764987993823623,0.00237295,0.004284277,-0.003157167,-0.002469866,0.004443456,8.383149350088876E-4,0.003659949,-0.006864006,-0.001129271,0.001567438,0.005439621,0.002184619,-6.87E-05,0.001621787,0.002846617,-0.001544372,2.981842460406727E-4,-0.001991795,-0.001777815,-3.45E-04,3.8741107005451703E-4,-0.00177685,0.001821405,8.930515850917188E-4,-0.002211132,-6.43E-04,3.2326550878774516E-4,-5.16E-04,-9.72E-05,0.001058632,-0.001669147,-4.21E-04
Acc_HP_c1_6,Apis cerana cerana Kullu,0.002670457,-0.010097103,0.001788081,0.006995387,0.003671512,-0.004040756,0.005588979,-0.002330611,0.001201767,0.008402516,-0.004045715,-0.004187784,0.004560277,0.003940566,0.001158584,0.006174405,0.001522173,-4.50E-04,0.001718975,-0.001635857,0.001099051,6.197552534296883E-4,5.174969426498393E-4,-0.001313956,2.4935425260696684E-5,-2.58E-05,8.592254324247418E-4,-3.19E-04,-0.001960435,-5.38E-04,-6.99E-04,0.00242917,-0.001452403,-3.30E-04,-0.001679903,-9.66E-04
Acc_HP_c1_7,Apis cerana cerana Kullu,-0.009577615,-0.009085007,-1.01E-04,0.009938305,0.005758323,0.012898465674840313,0.005727818,3.2302379331701817E-4,0.00200514,0.002924138,0.004823332,-1.84E-04,-0.001398391,5.057267023161885E-4,-8.10E-04,0.003091416,0.005039632,-9.59E-04,0.003705994,-0.002810285,-0.001180093,-5.19E-04,-0.00127671,-0.002746541,-8.13E-04,3.873546660810499E-5,-6.52E-05,-0.001987903,-8.83E-05,4.8300294970530117E-4,-4.17E-04,0.001453477,-7.71E-05,0.001848721,-0.001306941,8.689082006979772E-5
Acc_HP_c1_8,Apis cerana cerana Kullu,0.003856422,-0.003930634,-0.013912138,-0.009011789,0.007154823,-6.18E-04,0.002942367,-0.00288213,0.002214939,-0.009322409,-0.002306349,-0.002507325,0.004590354,-7.61E-04,1.2402322349840553E-4,4.45834551468407E-4,4.1888539600589076E-4,-0.002516412,9.033010956411219E-4,1.502722325817067E-4,0.001850163,-0.001616611,6.541788382133745E-4,-2.89E-04,-7.45E-04,-0.002205912,0.001018671,-0.001085798,1.9367785929555413E-5,-9.16E-05,-0.001829581,7.183385580048018E-4,-0.001403809,-2.17E-05,-8.18E-04,2.9911927699557083E-4
Acc_HP_c1_9,Apis cerana cerana Kullu,-1.31E-04,-0.003348669,-0.006518306,0.002864481,0.004504958,0.005932603,6.533167919428598E-4,0.005323801,0.004877947,1.3712675690160452E-4,0.003589614,0.002045426,-3.55E-04,-0.001017278,0.003544169,-0.001895437,-0.003914066,0.001080478,-0.001480403,-0.00431566,0.00176864,-0.002497967,7.637623077264051E-4,-7.44E-04,-0.002492626,-9.18E-04,0.00139816,0.001615752,-0.001415804,-9.40E-05,-8.75E-04,7.897613429439506E-4,-0.001802429,1.8300913734412613E-4,-9.22E-04,1.6952391171762773E-4
Acc_HP_c2_1,Apis cerana cerana Kullu,0.006780669,-0.003640633,0.005984154,0.001714634,0.002183988,0.006611824,0.004873851,-0.008196382,-0.011429135,0.001397741,0.007112921,-0.004999617,0.00247878,0.002364706,2.2539181075393425E-4,-0.001062166,5.927162232056011E-4,0.003090535,0.004275124,0.001564554,8.353206885319325E-4,-0.002872477,0.002488979,4.553043059310625E-4,-6.67E-04,-3.39E-04,0.001323461,-2.76E-04,-7.84E-04,-7.53E-04,-1.58E-05,0.001278351,-0.002221386,3.1759985948734567E-4,-0.001520839,-4.82E-04
Acc_HP_c2_10,Apis cerana cerana Kullu,-0.007141567,-0.003869079,-0.00492827,0.001515431,0.001457394,0.002610465,0.007594539,-0.009618462,-0.004464146,-3.24E-05,0.002923333,-0.006485066,0.001558297,0.00495349,-0.001300444,0.004479772,0.003347864,9.652800558349668E-4,-0.001799401,-0.001166951,0.001083857,-2.81E-04,-0.002322376,-0.003597384,-0.002572583,-0.001321793,0.00176884,-8.12E-06,7.809596961355195E-4,-5.68E-04,-5.30E-04,-0.001017517,-0.00162462,4.6418159306726384E-4,-9.29E-05,-7.86E-04
Acc_HP_c2_2,Apis cerana cerana Kullu,0.001198851,0.002423752,0.004191056,-0.00727932,0.003239565,-0.003089379,-0.003892241,0.002536959,0.001427851,0.003316711,0.003328447,-0.00359308,0.006280952,0.001997409,-6.48E-04,0.002151585,0.001650714,-2.26E-04,-7.48E-04,-7.77E-04,-9.31E-04,-0.002245955,-0.003105328,-0.001178045,-1.95E-04,-0.001190471,0.001245446,-0.001273982,-0.002210452,-9.39E-04,-0.00110334,-2.92E-04,-7.42E-04,3.342553412480526E-4,-2.49E-04,-3.79E-04
Acc_HP_c2_3,Apis cerana cerana Kullu,0.001543402,0.006817859,-0.016319125,8.32781721247985E-4,-6.28E-04,-0.003312397,4.859862898919971E-5,0.007368533,-0.001282836,0.0011004,-2.18E-04,-0.001526677,-9.77E-04,-0.002137508,6.186699523465375E-4,0.003103882,0.001025137,7.104137467423209E-4,0.004750936,0.001415432,-6.16E-04,-0.001064501,0.001219336,-0.001036138,-7.45E-04,-4.00E-04,0.001303522,-0.002518703,-9.63E-04,-0.001330056,-0.001193115,0.001236066,-0.001662664,6.54144550653856E-4,7.150851827534276E-5,-0.001226334
Acc_HP_c2_4,Apis cerana cerana Kullu,0.002563003,0.002239041,0.004931503,0.009088096,0.011159721931247481,6.696953755887696E-4,0.002512156,1.6144381489587253E-4,0.005619208,-0.002938881,0.003534347,-0.006937981,-0.004361748,0.004690723,7.507722911396237E-5,0.003513801,0.002005154,0.001584473,-9.26E-04,0.00160422,-2.88E-05,-1.08E-04,5.461419009673476E-4,-0.003845349,-2.61E-04,-0.001037513,0.002711218,-0.001201956,-0.002961054,-0.001725514,-0.00116017,7.337319382714471E-4,-0.002292888,0.001154341,-6.74E-04,-2.70E-04
Acc_HP_c2-5,Apis cerana cerana Kullu,-0.001426132,0.002995472,-0.001180532,0.009620869,0.005453372,0.003566101,-0.003227393,0.002596174,8.731795652227496E-4,-0.003636097,-2.97E-04,0.001756812,0.004481555,-0.003087868,0.00243753,0.002943186,0.003087418,0.002958014,3.0717527699346774E-4,3.722481944540006E-4,-0.00270674,-0.00147201,-0.001376539,-8.67E-04,-0.003812945,9.056164126984789E-4,-1.12E-04,-3.98E-04,-0.001175445,-3.00E-04,-1.11E-05,0.00149991,-0.001302444,0.001371251,-8.20E-04,-0.001176737
Acc_HP_c2_6,Apis cerana cerana Kullu,-9.45E-04,-0.006211375,0.002892719,-0.004005025,7.438789272199317E-4,0.005399815,0.001110205,-0.00645198,-0.001093672,-7.76E-05,0.004191866,-0.005673952,-0.002834608,-5.38E-05,-0.002533949,0.0024599,2.2839977077834643E-4,-0.003490753,0.004982109,-0.004529122,0.002109961,-2.55E-04,-0.001528675,-0.001272724,-8.72E-04,-0.00201644,-4.47E-04,-0.002270701,3.199377773559159E-4,-0.002348862,-8.32E-04,8.892145371068149E-4,-0.001463633,0.00146918,2.578774738993334E-4,-7.69E-04
Acc_HP_c2_7,Apis cerana cerana Kullu,-0.008475493,-4.80E-05,0.005718855,-0.010439895,0.001913309,0.006514402,-0.002746927,-9.76E-04,0.002335723,0.001307942,0.002826355,-0.005652755,0.00513234,0.001117846,0.001093718,0.002235351,0.002204505,-0.003047983,-2.08E-04,7.156074506031603E-4,-2.46E-04,-0.001895467,-4.58E-04,6.780930147423015E-4,0.001437381,0.00188103,6.927684413610394E-4,-0.00193278,-4.13E-04,-5.30E-04,-0.001296666,5.076429335358126E-4,-0.001978068,0.002414548,-0.001150494,-6.74E-04
Acc_HP_c2_8,Apis cerana cerana Kullu,-4.57E-04,-2.54E-04,0.012251818293620542,0.015430798787558677,0.004683512,0.002473775,-9.04E-04,0.002568975,0.004464654,-1.16E-04,0.006778758,-0.001305894,4.000291812066632E-4,0.001211854,-0.001414515,4.53952005495512E-4,8.483132051644293E-4,0.001303123,0.004865589,0.001776715,-3.81E-04,-0.002836415,-0.002156274,2.6862765148848514E-4,-0.001158309,-3.84E-04,-5.90E-04,-0.00105273,-1.27E-05,-9.36E-04,-6.39E-04,-0.001138693,-5.05E-04,0.001021495,0.001031215,-3.71E-04
Acc_HP_c2_9,Apis cerana cerana Kullu,-0.004365284,0.008220454,-0.007046252,-9.87E-05,0.011802195200234884,0.008175381,0.002482786,-0.002721498,-0.001236541,0.006316496,0.002678799,0.002191112,4.30122647200732E-4,-7.24E-04,5.058078172930477E-4,0.004441133,0.002163291,0.00114263,-0.001621144,5.49575428508462E-4,0.001701772,-1.76E-04,-0.001510792,-6.88E-04,0.001367825,-0.001068868,-5.82E-04,-0.001397859,-8.84E-06,-7.85E-04,-0.001097454,0.001127458,-5.46E-04,9.347973851854628E-4,-2.18E-04,-7.21E-04
Aci_B_c1_1,Apis indica Bangalore,-0.029220686,0.002692104,-0.010922002,0.002099548,-0.006451516,4.7708029118519006E-4,-0.008063966,0.002206569,0.004120441,0.003273682,-0.007512895,-0.001163544,8.82767505452966E-4,0.004732681,0.002441352,-0.002903088,0.001286634,0.006075364,-0.003223605,-0.003082219,6.94415420640687E-4,4.998202440158733E-4,0.002643461,0.00203537,0.001624972,0.003993872,-8.36E-04,3.424024348965915E-4,0.001185778,0.002452702,0.001623313,3.130655345709232E-4,0.002503362,-0.002634755,0.002058518,2.0032056322239508E-4
Aci_B_c1_10,Apis indica Bangalore,-0.034301435,-0.00737011,0.002222574,-0.001681871,0.007485307,-0.003677139,-0.00149034,-0.001428989,0.010923001945836227,0.006645004,-0.001069539,0.005788777,-0.002318498,0.001280125,-6.48E-04,-0.003615155,0.002221694,0.002539419,-0.002712887,-0.001566116,9.367149478542425E-4,0.002576814,3.042759408766818E-4,0.001556123,0.00301853,0.002161344,8.676555120895167E-4,0.001450588,0.001291669,0.002095101,0.001477611,-8.13E-04,0.004187218,-0.002766088,3.0755683496153284E-5,5.480765149172091E-4
Aci_B_c1_2,Apis indica Bangalore,-0.028444477,-0.003518322,-0.002707342,-0.006285227,-0.004245933,-0.002775145,-0.001662189,0.010528645429064435,-6.31E-05,0.006479719,-0.001559202,0.001865119,0.002556813,0.006242375,0.004410557,-3.37E-04,-0.001212946,4.210839350917572E-4,-0.003397025,-0.003044289,-0.001610319,0.005023011,0.001730274,0.003778097,-4.21E-04,0.003279587,3.14315436853477E-4,0.002026143,0.002290371,7.990273326940875E-4,0.001117832,1.680076933636651E-4,0.003633982,-0.00147783,0.002213114,8.274353666098111E-4
Aci_B_c1_3,Apis indica Bangalore,-0.02765115,9.872108976005656E-4,-0.013235082,0.011548094571025612,-0.00723223,-0.010929918,-0.001431166,0.007265429,-0.004594846,0.007571973,-0.002223493,0.002625517,-0.002837454,0.006749962,0.006943963,-0.00250855,0.003032179,-6.09E-04,-0.00320754,-0.004296403,4.139895839568423E-4,0.001519554,8.629038963298169E-4,0.003993606,1.6713029614351632E-4,2.791163210717907E-4,-2.45E-04,3.97386568081621E-5,0.001864094,-6.53E-04,0.001501327,6.70661502509244E-5,0.002837544,-0.002044542,7.118690587298552E-4,0.002419195
Aci_B_c1_4,Apis indica Bangalore,-0.026378798,-0.006072962,-0.005322571,-0.006746504,-5.78E-04,-0.001716149,-0.00120017,0.003951836,0.001035152,0.003502758,1.033811696678691E-4,0.007953925,5.666428011665457E-4,0.002225474,9.114637148798202E-4,0.001138078,0.001729462,0.002389584,-0.005732925,-0.003522817,-0.001441301,0.002992432,0.002514786,0.00400517,0.001270811,0.001851146,0.001839815,-2.16E-04,6.102585038619478E-4,0.001878911,-0.001782601,5.009200473847299E-4,0.003667808,-0.002367065,4.527911764519193E-4,0.001112157
Aci_B_c1_5,Apis indica Bangalore,-0.02119213,-0.009910146,0.002450049,-0.009114172,0.00257841,-0.012295943,-0.006256947,0.00735211,-6.32E-04,6.673093455327652E-4,-0.006083623,0.007740351,4.81633667157828E-4,-9.18E-04,6.435773529113668E-4,-0.002818932,8.362231088558998E-4,0.004940572,8.418073826668454E-5,-0.003663167,0.002063933,0.003582455,7.256635658283372E-4,0.0017901,0.002365011,0.004599733,2.093526863689461E-4,7.619662914721881E-4,0.0020725,0.001414991,0.001048317,-4.91E-04,0.003492806,-0.001405009,0.00113563,0.001688341
Aci_B_c1_6,Apis indica Bangalore,-0.027737824,-0.01544894,-0.01125737,7.092647754354531E-4,-0.002616827,-0.003854088,5.02608330203615E-4,0.005927087,7.922803714645798E-4,0.002620145,-0.004117036,0.003759756,0.002965719,0.003473787,0.001122541,-0.006453321,0.003404329,0.003175809,-0.003593342,-0.005933157,-0.001376273,7.059289284596852E-4,1.1591213927627326E-4,9.404302827568537E-4,0.003546733,0.003350435,0.001670484,0.002179038,0.002715074,-2.78E-04,0.001519294,4.7204972132232554E-4,0.002236922,-0.001916961,9.864882811229285E-4,0.001285679
Aci_B_c1_7,Apis indica Bangalore,-0.015104536,-0.009712863,0.001397408,-2.05E-04,-0.005624992,-0.004437725,-0.008198065,0.00766738,0.001474719,0.002800616,-0.004660345,0.003655656,5.962351026846776E-4,0.008400011,0.001669164,-0.002004505,4.317061639920785E-4,0.001748634,-0.002897467,-0.001391104,-0.002014055,1.1308989834378784E-4,-8.08E-04,0.004087375,0.004222302,0.002012279,9.468775217807273E-4,-4.87E-05,0.001352952,4.5893318557159836E-4,0.00111211,8.268718556835099E-4,0.001147288,-0.002179944,9.86274349131214E-4,0.001725685
Aci_B_c1_8,Apis indica Bangalore,-0.023388073,-0.013148528,-0.007051584,0.002045043,-0.010244204,-0.011729323,-0.007811595,0.006394652,0.003880472,-0.001970855,0.002817757,-0.003437244,0.00425456,0.001475026,0.004137374,-2.45E-04,0.002388379,0.004065658,-0.007717494,-0.001878217,4.495857470611566E-4,0.003004426,0.001369966,0.002691728,0.002511089,0.003150771,0.001410567,0.001959473,0.002911251,7.569456564059313E-4,-3.94E-04,8.720008142037258E-4,0.003829323,-0.00132771,9.848000290596427E-5,0.001662882
Aci_B_c1_9,Apis indica Bangalore,-0.018733845,-0.00429509,-0.003897952,-0.003648429,-0.003689511,-0.004450396,-0.003854509,0.003525162,0.004452864,0.004454416,0.001686427,0.00483924,0.001862784,0.003390276,0.002377123,0.002676619,0.002097665,0.002194683,-0.00481016,-9.08E-04,0.001392529,0.003498177,0.003191541,0.002767825,0.004527228,0.00401221,-0.001803307,0.001141659,0.00255464,0.001968847,0.003539841,4.0609053666545763E-4,0.002480446,-0.001126833,0.001015561,0.001225204
Aci_B_c2_1,Apis indica Bangalore,0.004958212,-0.015424232,-0.004199071,0.007304275,-2.01E-04,5.25813660002447E-4,-7.91E-04,0.005168077,0.003988526,0.004914498,-0.00502213,0.003462104,0.001568537,-0.002843381,0.002773565,-5.19E-04,0.002945162,0.004754942,-0.002952657,-0.002313335,-0.001118591,0.001626976,0.001791746,0.003183424,0.001157736,0.003749795,-0.001366418,0.00119154,0.001165526,-4.36E-04,-8.40E-04,-1.80E-04,0.002672627,-0.001117011,0.001276443,9.234655627174382E-4
Aci_B_c2_10,Apis indica Bangalore,0.011263274754292726,-0.005673652,5.377503410341347E-4,-5.82E-04,-0.004256031,-2.88E-04,-0.003736278,0.009057193,0.003025849,0.006345841,-0.002739706,0.004483621,0.001285798,-2.99E-04,0.001584742,-1.77E-04,0.001352431,0.001518174,-0.005678758,-0.002605011,5.56086435881888E-4,3.008987107743037E-4,8.798275790300285E-4,2.9935317741181975E-4,0.003198956,0.003603764,0.0014323,0.002225465,0.004001705,0.00136564,0.001552607,2.3464102906952105E-4,0.003765101,-0.002341845,5.829066324856657E-4,0.001102435
Aci_B_c2_2,Apis indica Bangalore,0.007761829,-0.013015173,-0.011000141,-7.01E-04,-0.004711523,0.003696271,-0.008407846,-0.002910844,0.006603302,0.009547068,-0.001646546,0.005780819,0.004555963,0.00152916,0.003816945,-0.00225374,8.200520927660183E-4,4.4370389513210303E-4,-0.001525714,-0.003725368,0.002226384,0.002310667,0.002319372,5.501617236844387E-4,0.001189085,0.002231775,-5.92E-05,6.571836799120909E-4,8.927931836149089E-4,0.001749966,0.001474797,-7.30E-04,0.002493285,-4.74E-04,6.334159205426624E-4,7.766559119715569E-4
Aci_B_c2_3,Apis indica Bangalore,0.014833633708262996,-7.94E-04,2.2213552476134127E-4,-0.014687319,-0.008230097,9.773251077502957E-4,-0.010062623,0.005544361,-0.001226995,0.001200748,-0.001237167,0.002894123,0.004462012,0.00385466,0.002828782,-0.003270817,0.001235462,0.001760477,-0.002836467,-0.003994374,0.002044882,0.005688595,-4.33E-04,0.001256078,0.002845454,0.001706779,0.001447676,4.56312000654188E-4,0.001613701,1.9875105470144695E-4,4.467225928562495E-4,-1.72E-04,0.002655496,-0.003188274,2.4165059790008024E-4,3.1987351481814296E-4
Aci_B_c2_4,Apis indica Bangalore,0.002884912,-0.004029571,-0.003968268,0.011620751581242861,-0.002474737,0.002260317,-0.002738156,0.00257386,0.001934943,0.005611047,-0.004227562,0.003679063,9.028209605668814E-4,-0.002806266,0.004449787,0.001719522,0.002887906,0.004987365,-0.001414227,-0.001640517,-0.002443244,0.004077392,4.845944493129195E-4,0.003988354,0.003139688,0.001701322,0.002868462,0.001726036,0.002274846,2.88026852922457E-4,-2.84E-04,1.3966223754167728E-4,0.002932644,-0.001006508,4.983950832622478E-4,4.104038254720299E-4
Aci_B_c2_5,Apis indica Bangalore,0.009624628,-0.011515393,-0.00821557,-2.83E-04,-0.005895022,-0.001977115,-0.001396716,0.008268382,0.012066444086505285,0.009641544,-0.009757766,5.556605147306727E-4,0.004796584,0.010077703,-5.57E-04,-0.003056655,0.00109354,0.004557522,-0.00213527,-0.002682003,0.001881595,0.003327629,3.58489796709555E-4,0.005470337,0.003336186,0.002502395,6.137777312982594E-5,0.001254164,6.866220700330191E-4,-7.61E-05,0.001162033,-6.74E-04,0.003721753,-0.001308998,4.540589430198499E-4,0.002240357
Aci_B_c2_6,Apis indica Bangalore,-0.002988495,-0.010543723,-0.006533573,0.010302011842903462,-0.014209161,0.005922496,-0.009068459,0.003992325,0.004156831,0.002621196,-0.004806708,0.007092383,-0.001611125,-3.12E-04,0.002420597,-0.002238616,0.005153341,0.001667988,-0.004717161,-0.001162703,0.001424852,0.002231452,-0.00223496,0.00207818,0.004689637,0.002807865,0.001884867,6.005047204029494E-4,0.003862669,1.3322625471099303E-5,0.001483121,1.8651553570682954E-4,0.003213478,-0.002559931,0.001486828,0.001210866
Aci_B_c2_7,Apis indica Bangalore,0.002751597,-0.008533103,-0.005392041,0.008255405,-0.004595536,-0.001263615,-8.52E-04,0.009782682,-6.79E-05,0.00782619,3.404153453454401E-4,0.005672944,0.005578157,8.723093715792545E-4,0.001583753,-0.004490204,-0.001435188,0.005430943,-0.004163416,-0.003466504,-4.89E-04,8.944054389425235E-5,0.002802572,0.001214985,0.002364768,0.001304372,-6.20E-04,1.920457513191093E-5,0.002687672,0.001502325,7.047579016844452E-4,0.0010588,0.004772047,-0.003047412,0.002431031,6.985211392310272E-4
Aci_B_c2_8,Apis indica Bangalore,0.007347993,-0.013360187,-0.006076985,-0.00274381,-0.006562387,0.003041655,0.008971976,0.009802827,-0.003379068,0.001546364,-0.00246118,0.005759358,6.258126949449993E-4,-4.50E-05,0.003360651,2.32878071378214E-5,7.221601276497881E-5,0.001194325,-0.002791609,-0.004181713,-1.64E-04,0.003288779,5.359675608969895E-4,0.002828217,0.002694387,0.004433714,9.382862449770895E-4,-1.59E-04,-5.39E-04,6.616319182401711E-4,0.001186668,-2.99E-05,0.003221674,-7.56E-04,0.001927075,0.001176094
Aci_B_c2_9,Apis indica Bangalore,0.004886425,0.002946366,-0.002820718,0.003601974,-0.008505424,0.002783915,-0.003028726,-0.001573456,0.004016878,0.008534435,-0.001470983,0.007104535,0.003292811,0.001379667,9.884592541162405E-4,0.001043358,9.776947852168604E-4,3.0100923901093916E-4,-0.001456054,-0.003479928,-0.003511168,0.003067051,9.056554552398339E-4,0.004581432,0.0018828,0.002674811,-1.10E-04,0.003012462,9.405347905754855E-4,0.00151983,3.478366481859644E-4,-3.99E-04,0.002302655,-0.003422712,0.001601395,0.002674379
Ack_c1_1,Apis cerana kashmirensis Kashmir,0.021856274955954484,0.003868724,-0.00375609,-0.005693165,7.264327320559525E-4,0.001560639,6.621981454854254E-4,-0.002096254,5.492406202813507E-4,-0.007120037,0.003492456,-0.004151256,-0.00494403,2.4769674107529417E-4,-0.004500652,-0.001526172,-5.64E-04,0.001079913,-7.48E-05,-7.12E-04,-0.001455029,-3.54E-04,-2.91E-04,-0.001050286,-6.49E-05,-0.002162757,-4.09E-04,-8.82E-04,-8.75E-04,8.396089934105708E-4,2.528864955200152E-4,-2.06E-05,-0.002563319,7.937361576436679E-4,4.5045218815835636E-4,-6.65E-04
Ack_c1_10,Apis cerana kashmirensis Kashmir,0.00541887,0.010731383377513523,0.004910012,-0.003474005,0.009690649,0.003030573,-0.008457814,-0.00673649,-0.00433838,-0.001050535,0.002223418,-0.002384443,-0.003995114,-0.003314811,0.003423083,-0.004287111,-0.00125172,2.099623956520772E-4,0.003602106,0.002104408,0.002630342,-2.39E-04,-0.001748728,-2.58E-04,-9.75E-04,4.581684894599705E-4,0.001236586,-0.001136442,4.246582120093247E-4,-8.79E-04,-4.04E-04,4.4492017459670343E-4,-9.41E-04,1.060851607720689E-4,-1.94E-04,-1.06E-04
Ack_c1_2,Apis cerana kashmirensis Kashmir,0.006680718,0.001865954,-0.002150126,8.080226277454603E-4,0.004688549,0.001221112,9.391099124102876E-4,-0.001979923,-0.002047573,-0.00905703,0.00345799,0.001240683,-0.002971149,-0.004349671,-0.002757814,-0.001667604,-0.001740871,-0.007227691,9.780746704953025E-4,8.903967220073635E-4,-0.002256992,-0.001016251,0.001664221,-4.10E-04,-0.001164467,-7.06E-04,7.18745590118809E-5,-0.001384687,0.001709587,4.289036105343155E-4,5.825597251163635E-4,-0.00293598,-9.60E-04,2.771687000469586E-4,-6.04E-04,-3.54E-04
Ack_c1_3,Apis cerana kashmirensis Kashmir,0.027929491583265173,0.007499376,-0.00562568,0.00243694,-0.00470428,-0.008862103,-7.43E-04,-0.001374956,8.198492826258153E-5,-0.004076654,0.001526778,-0.005920672,-0.005499683,-2.27E-04,-0.002778793,0.001291508,-0.004590814,-0.003467191,0.001668887,0.005688066,0.003900607,5.277770212387203E-4,5.2619074116467E-4,-0.00206554,-0.001589923,-9.48E-04,-0.002278156,-1.28E-04,2.5250826512105844E-4,1.8463799090508745E-4,7.460081539472448E-5,0.00106174,6.089902967638555E-4,0.001471722,-4.03E-04,-4.61E-04
Ack_c1_4,Apis cerana kashmirensis Kashmir,0.002186766,0.009627247,0.001434089,-0.011372804,-1.64E-04,-8.94E-04,0.003071797,0.006265838,-2.13E-04,0.003089992,5.991066080407274E-4,0.003469266,-0.004915556,5.826243154145609E-4,-0.005530649,0.001804359,0.001583258,6.331253754136149E-4,0.003322482,-0.001469155,6.313532079484094E-4,-0.001135609,8.172779793315461E-4,-0.002583509,-2.99E-05,-0.001064778,-7.49E-04,0.001467005,-0.001341886,-0.00132917,-4.31E-04,-0.0022012,2.859622185079758E-4,-1.71E-04,-6.16E-04,-6.52E-04
Ack_c1_5,Apis cerana kashmirensis Kashmir,0.018315732506504118,-0.001374283,-0.003234999,0.001841034,-0.002880517,-0.005971524,2.6398881454267164E-4,1.9790976884131447E-4,-0.005419485,-0.009355196,0.002590582,5.258197661182488E-4,-0.007305454,-4.73E-05,-0.004688515,0.001090376,7.801010970472613E-4,0.001021876,-4.13E-04,2.570330727900259E-4,-7.81E-04,0.002133942,-0.001127737,0.00135729,-0.001030624,8.600516029602305E-4,-8.97E-04,5.911049485070138E-4,0.00120082,3.6188673978146987E-4,-4.51E-04,-0.001824897,-9.55E-04,9.128119292024974E-4,-0.001046336,-8.28E-04
Ack_c1_6,Apis cerana kashmirensis Kashmir,0.001666373,0.010167741583478287,-0.007377658,-0.013299744,9.205294913320615E-4,0.004242146,0.002683295,-0.004590054,-0.002705593,-0.007350743,0.005936861,-0.001868064,-0.003140606,2.455145414192399E-4,7.916447875742317E-4,-0.005882979,0.001912835,-0.004300731,0.003702727,0.0018817,4.0100577703366236E-4,0.001630501,-0.002367617,9.647106534102761E-4,-0.001449335,0.00138051,-0.003226097,0.001565095,-0.001608312,7.773226531953467E-4,-6.85E-04,2.311832391384003E-4,-1.70E-04,2.3488631164104165E-5,4.6638421929020007E-4,-0.001199639
Ack_c1_7,Apis cerana kashmirensis Kashmir,-0.002025255,0.004906586,0.020837202,-0.01111222,-0.001082725,-0.001710843,4.353008784191303E-4,0.001629556,4.2937218833150335E-4,-0.00807381,-0.001752385,-0.002352131,-0.003955164,-8.48E-04,1.605247233989839E-4,0.003681738,-0.002827062,-0.002239761,0.002277221,0.003204162,-0.002940772,-0.001443979,9.13461025806089E-4,6.690801765168867E-4,-0.002092093,-0.001378985,-0.001993493,5.649274594310494E-4,9.367936848879244E-4,-0.001500469,-0.002099159,-0.001240809,-5.97E-04,-7.06E-06,-4.57E-04,-2.59E-04
Ack_c1_8,Apis cerana kashmirensis Kashmir,0.008517611,0.012865458045199184,-0.002315096,-0.012896622,0.002216404,-7.91E-04,0.001275943,-9.38E-04,-8.12E-04,0.001866726,0.003378685,-8.63E-04,-0.007746611,-3.45E-04,2.228840771016706E-5,-3.39E-04,-4.75E-04,7.972030606492133E-4,6.822415050710385E-4,0.001902922,0.002187963,1.6806845481333137E-4,-3.73E-04,0.002023782,0.00108159,-5.16E-04,-0.004207672,-0.001246932,0.00201515,-9.96E-04,-0.001630774,-0.001443302,-9.92E-04,-7.38E-04,-8.41E-04,8.279560883596329E-5
Ack_c1_9,Apis cerana kashmirensis Kashmir,0.020773907,0.007194579,-0.01278894,-0.00644705,-0.001113637,-0.003103503,-0.001943329,-0.002847671,-0.008502979,-0.003830928,0.003362579,-5.56E-04,-0.003884792,0.001086588,-4.48E-04,-2.71E-04,0.002094461,-0.003120195,0.002756804,0.001305418,6.82606705713633E-4,-0.001699637,2.0850770043231412E-4,-0.001376177,0.001268246,0.001365513,1.1220998045091034E-4,0.002017181,-0.001257509,-0.001415301,-0.001482878,-7.47E-04,2.463408259135879E-4,7.324407781930495E-4,5.689441158453841E-4,3.644527614679284E-4
Ack_c2_1,Apis cerana kashmirensis Kashmir,0.003594194,0.014477692631697977,-0.006799129,1.9621887045818964E-4,0.007415902,-0.004712423,-0.006917478,-8.10E-04,0.001601949,-0.004011909,0.002839805,-0.001661859,-4.89E-04,-0.001632578,0.001779316,-0.001104474,-7.47E-04,-0.004298368,0.002903846,0.001189214,-3.39E-04,2.3188815876827617E-4,-3.27E-06,-0.001423478,3.29851403689233E-4,1.594465059960313E-4,-8.43E-04,-9.60E-04,1.2592000109081972E-4,-7.02E-04,-5.93E-04,-2.38E-04,-0.001161164,3.8179146137428104E-4,-1.78E-04,-0.001130759
Ack_c2_10,Apis cerana kashmirensis Kashmir,0.013541053351609352,0.012246788178039227,-0.002991228,-0.003132498,0.009849022,0.003066809,-0.001334501,-0.003624014,1.0704503108662132E-4,0.002833721,-2.90E-04,-0.001348345,-0.004450719,-0.0020124,-1.75E-05,9.57135622823397E-4,0.003537729,-0.002282575,0.001140532,-9.44E-05,-0.00296521,-1.73E-04,0.002260834,3.729352420531846E-5,-0.001706443,-6.00E-04,1.1743329748063367E-4,-0.001188314,0.001755735,-1.11E-04,3.764370389270057E-4,2.5467128481469135E-4,-5.78E-04,1.250555464088587E-4,7.50627051092917E-4,9.667818048284429E-4
Ack_c2_2,Apis cerana kashmirensis Kashmir,0.00351177,0.015868517,-2.38E-04,-0.003846006,-0.003469375,0.001803631,-0.007497382,-0.001304484,-0.004053621,-0.005132333,-0.002178211,-0.001725581,-0.004578611,0.001767799,-0.004036999,-3.02E-04,0.002189574,-0.001219854,0.002986234,9.644209760206442E-6,-1.99E-04,0.002582065,0.00254983,3.3562590469001625E-4,1.5524972740740372E-4,0.001582183,-7.70E-05,-1.59E-04,5.955789859845211E-4,-1.56E-04,-5.64E-04,-0.00139866,-0.001544329,0.001187267,1.8207948049349547E-4,8.375050352272813E-5
Ack_c2_3,Apis cerana kashmirensis Kashmir,0.005152661,-3.46E-04,-0.003429921,-0.009204498,0.012056598935861727,-0.005326718,-3.34E-04,0.001899883,-0.006753322,-0.002659402,0.004192523,-1.47E-04,-0.003446135,0.001407075,2.2909049039499863E-4,-0.003295797,0.003859175,0.002059255,0.003814534,0.002762531,-0.001700512,3.419304806413806E-4,-0.001648443,-0.002253337,-0.001944588,-0.002081855,-9.66E-04,-0.001425755,-5.49E-04,-0.001212946,6.756439920452656E-4,-2.08E-04,-9.85E-04,0.001357281,-7.75E-04,-7.05E-04
Ack_c2_4,Apis cerana kashmirensis Kashmir,0.005608662,0.015614924378048144,-0.002919753,-9.87E-04,0.003069867,0.001361051,-0.006382011,1.469058497970691E-4,-0.001956466,-7.10E-04,-0.001169986,-0.002118185,-0.005925561,0.001392092,1.7573153655367566E-4,4.940861738224363E-4,-0.001359136,6.287575302327711E-5,0.002905501,6.566052042513543E-4,7.036218410788747E-4,0.001555147,4.5942009821786493E-4,-0.003033222,3.625211816654316E-4,-0.001687493,-1.27E-05,0.002087609,0.001431537,0.001474474,-0.00219156,-7.49E-07,3.755955182123019E-4,0.002024818,2.0950980406290185E-4,9.231165910268343E-5
Ack_c2_5,Apis cerana kashmirensis Kashmir,0.006917473,2.780159279475015E-4,0.008010759,-0.003429332,-6.39E-04,-0.012375892,0.001496968,-0.006810477,0.004441907,1.9036303017019136E-4,0.001520029,-3.55E-04,-2.78E-04,-0.004536508,-6.71E-04,-0.001475929,3.835449612415524E-4,-0.003549634,-0.001221405,-6.84E-04,-0.001753264,0.00130645,0.002533889,-0.00104217,6.450925151362091E-4,0.001176844,-3.82E-04,1.8558380704960354E-4,-1.83E-04,-0.001536164,0.001057608,-7.00E-04,-9.59E-04,-2.99E-04,1.8664837307984355E-4,-0.001192638
Ack_c2_6,Apis cerana kashmirensis Kashmir,0.008870001,0.004346437,-0.004702917,-0.006619046,0.007116478,0.006021204,0.003523115,-1.18E-04,-5.39E-04,-0.002603938,9.996431528929576E-4,0.004737019,4.248841178838358E-4,0.001219592,-0.002931083,-0.002193959,2.5695397249552105E-5,-0.00223253,-0.001678227,0.002060643,-0.001405739,-0.002479887,-4.79E-04,-8.66E-04,6.487311371926904E-4,-2.20E-04,-5.61E-04,2.847130176292852E-4,6.676549584492036E-4,-9.72E-04,-6.18E-04,-6.44E-04,-3.15E-04,9.55409349201811E-4,2.4546718806536696E-4,-1.02E-04
Ack_c2_7,Apis cerana kashmirensis Kashmir,-0.002154348,-0.002680175,0.006615319,-0.003594057,0.008093624,0.003912318,-0.002742504,7.232821413733371E-5,-5.09E-04,-0.003834192,-0.00170472,0.003052797,-6.65E-04,-0.00151444,0.001623402,8.439582578059014E-4,-2.04E-04,-0.002351773,0.001714468,-0.00155996,6.338205669560797E-4,0.002101523,-1.03E-04,0.001790394,-4.67E-04,-1.87E-04,-4.70E-04,6.217570775984201E-4,-4.03E-04,-3.86E-04,2.3532822891805504E-4,-5.45E-04,-0.001104711,0.001675053,-5.45E-04,-4.80E-04
Ack_c2_8,Apis cerana kashmirensis Kashmir,0.005118178,0.002485744,0.002928987,0.003326727,0.007138782,-0.005664626,0.001818838,-0.004056597,-0.005372879,-0.002403568,-8.20E-04,0.002614708,-0.010019249,-9.38E-04,0.001564451,-0.001227354,-6.05E-04,-0.006326873,0.004236806,0.001836276,9.786972891213284E-4,-0.001603688,0.001537021,-0.001471842,0.001445011,-0.001113549,-7.43E-05,3.2914791000064766E-4,-5.76E-04,7.812080826173694E-5,-0.001248532,-7.22E-04,-0.001835809,9.551660581455854E-4,-4.22E-04,-7.26E-04
Ack_c2_9,Apis cerana kashmirensis Kashmir,0.00855468,0.007802737,0.007222182,-9.51E-04,0.005244704,0.00583566,-6.11E-04,-0.004178415,0.001932271,-0.004197801,0.004480292,0.007475046,-0.005182774,0.002635099,0.001323358,-2.64E-04,-0.00280591,-0.004640508,4.700725296892422E-4,0.004022268,-2.70E-04,0.002062602,0.002100193,-0.003447391,-2.01E-04,5.745718151475357E-4,-0.001775039,8.82602226585724E-4,9.503717093550499E-4,-0.002176376,-0.00157464,3.4785832998673324E-4,-0.001690198,2.3228233477589895E-4,-1.65E-04,-0.001091642
Ack_c3_1,Apis cerana kashmirensis Kashmir,-0.01398714,0.005468752,0.00211446,0.003825689,-0.010422333,0.004992844,-0.005236101,-0.003800251,-0.008940354,-8.07E-04,-0.003836865,0.005423316,0.003774607,-0.005757719,-0.001175934,-0.001232253,-2.15E-04,-0.002039189,2.890563526977729E-4,0.001899615,0.002117159,-0.001245333,0.001911792,-3.33E-04,-1.15E-04,-0.002855657,-0.002629674,1.2084628186453922E-4,-9.63E-04,-0.001191964,-5.45E-04,6.900667870026428E-4,-0.001409129,0.001677481,-8.13E-04,2.925156760618634E-4
Ack_c3_10,Apis cerana kashmirensis Kashmir,0.002970009,4.7094581230397177E-4,-0.002373112,0.004107259,0.002880626,0.004210906,0.004851646,-0.008728153,-0.003475424,-0.010170925,1.0987266856811982E-4,-0.002089146,3.2193414396338734E-4,-3.80E-04,-3.96E-04,-4.05E-04,-0.005265004,0.001868806,0.004037986,-0.001196493,-9.51E-04,0.002589108,-0.001151902,6.51641565572946E-4,0.002454206,-0.00203019,-0.001758267,7.97150408107313E-4,0.001875107,-0.001477797,-7.85E-04,-6.21E-04,-4.05E-04,9.718091240660318E-4,-2.49E-04,-0.001088682
Ack_c3_2,Apis cerana kashmirensis Kashmir,7.091947986462841E-4,-0.003912388,3.60052842990318E-4,0.007436224,-0.005886876,-0.004470912,0.014286548087857424,0.002870001,-0.002887229,-0.003014143,8.027036142959823E-4,0.004285175,2.82914548185881E-4,0.002112009,9.22717817276051E-4,-0.002353406,6.828441463477704E-4,-0.00209217,0.002007887,0.004981691,0.001365672,0.001422964,-1.72E-04,3.544750371444665E-4,7.290629748332881E-4,-3.45E-04,-5.42E-04,7.536915493244816E-4,4.5031092997531793E-4,-5.11E-04,8.177195570431158E-4,-0.001025709,-0.001348999,9.85890905159934E-4,-5.22E-05,-4.14E-04
Ack_c3_3,Apis cerana kashmirensis Kashmir,0.007128702,0.018736480924540062,0.001134934,-0.00185994,7.572227807903947E-5,-0.002123196,0.004506622,-0.008366315,-9.43E-04,-0.00322626,0.001012291,0.005058973,-0.001399899,8.07835792612575E-4,-0.004623118,-0.003127673,-0.003448558,0.002124202,-2.48E-04,0.001275736,9.384333731101791E-4,-0.003648749,-0.001633299,-9.21E-04,-0.001928607,0.001913039,-6.32E-04,-2.26E-04,0.001012352,-8.80E-04,-0.00169463,-1.63E-04,-0.002056795,0.001113381,-0.001185003,-2.20E-04
Ack_c3_4,Apis cerana kashmirensis Kashmir,-0.006245919,-0.002978378,0.004117866,8.701703912817927E-4,9.749891353664439E-4,0.003724395,0.003292697,-0.005406845,0.004317361,-3.21E-04,-2.29E-04,-6.50E-04,-0.001741564,0.002164181,-0.004034797,-0.004138444,0.002165227,-0.001736755,4.408090715756443E-4,0.002554138,0.002008859,1.772554402679537E-4,5.417328890236046E-4,-0.001234769,-2.73E-04,-0.001061857,-0.001102811,6.213886899122142E-4,6.189264408555915E-4,-0.001166251,-0.001093518,6.67734527295828E-4,-0.001421617,2.8151739377205523E-4,5.282642203442466E-4,-7.05E-04
Ack_c3_5,Apis cerana kashmirensis Kashmir,0.001004979,0.006168129,3.221147078675853E-5,-0.002679473,0.001764786,0.001265165,0.001191011,-9.35E-04,-0.002334441,9.27374597904703E-4,-0.002359247,0.001579825,-2.89E-04,0.003659848,-0.00135139,-0.003432131,-0.003149551,-0.001854829,0.001523059,-4.58E-05,6.0701131038998046E-5,7.372766648395855E-4,-2.10E-04,-0.001676988,-8.10E-04,-0.00122346,2.2549721044718438E-4,3.2338591689464346E-5,0.001638758,8.555981890199324E-4,-0.001303445,-0.001351415,-0.001223235,0.002304864,-6.75E-04,-8.30E-04
Ack_c3_6,Apis cerana kashmirensis Kashmir,2.8682303269473767E-4,0.008988956,-0.005300157,0.006726024,-0.005652748,0.004811288,-0.00576928,-0.005109128,-0.002841453,-5.67E-04,0.007856796,-0.005334207,-0.002226801,0.00305488,-0.003235354,-0.001762506,-0.004881096,-0.002623673,2.1423805939136005E-4,-6.56E-04,-0.003592754,-4.73E-04,9.925816105365773E-5,-3.66E-04,0.0011334,0.002264264,-0.001232396,-7.87E-05,-0.001223336,-7.52E-04,-8.37E-04,-3.71E-04,2.3784168524613493E-4,7.241297626316437E-4,-5.68E-05,-0.001029815
Ack_c3_7,Apis cerana kashmirensis Kashmir,-0.008007898,0.008600128,-0.005350859,4.934479852747786E-4,-0.00674773,-0.007729359,0.003620177,-0.013201614,-0.003553145,0.001155964,-0.003595097,-1.35E-04,-0.002798147,-0.00458661,-0.00145753,-0.003383984,-0.005660007,-0.001228307,-1.54E-04,0.003210317,-6.67E-04,0.002780671,-6.95E-04,-0.001661603,2.466183800746754E-4,-2.15E-04,7.652972010534012E-4,-0.001050908,-0.001300998,4.570354957018176E-4,-0.001180353,-0.001385835,-1.31E-04,0.001029082,0.001054266,7.242095779863157E-4
Ack_c3_8,Apis cerana kashmirensis Kashmir,-0.006137899,-0.004137886,0.001505213,0.001811012,8.851198637955044E-4,0.002579539,-0.002768767,-0.003227524,-0.008786237,-0.002595202,-0.007942805,-6.29E-04,-0.003009596,-0.005739744,-0.003330494,0.002362862,4.4004129342764943E-4,-0.002127909,5.465833608868655E-4,9.11541324903193E-4,0.001814492,0.001599599,-0.003157602,-6.42E-04,-9.91E-04,5.86471779806445E-4,-7.34E-04,9.456111158437476E-4,-5.63E-04,-4.34E-05,-0.001898172,-6.83E-05,-0.001472637,-0.001086708,5.049345193158097E-4,-4.97E-04
Ack_c3_9,Apis cerana kashmirensis Kashmir,0.006573557,0.002337808,0.003680532,0.006478768,-0.006566504,0.002996858,-0.003892697,-0.003090435,-0.001936698,-0.003699947,4.378896083131792E-4,-0.001671332,0.001900691,-3.76E-05,8.917819545542827E-4,0.002071334,0.001729936,-0.003341728,0.00225549,0.002120865,0.003584634,-0.002222936,-0.001521209,-0.002217073,-0.002168077,0.001541353,-5.80E-04,-7.27E-04,-9.22E-04,2.0995049950758328E-4,-3.82E-04,-0.003051333,-0.001037524,4.5265715575364997E-4,-3.59E-04,5.350402164530983E-4
