"distance","sub_lin","fit"
1,"Acc_B",-1.49856795036036
2,"Acc_B",-1.20261413565592
3,"Acc_B",-1.02949225210844
4,"Acc_B",-0.906660320951476
5,"Acc_B",-0.811384473209027
6,"Acc_B",-0.733538437403999
7,"Acc_B",-0.66772055194812
8,"Acc_B",-0.610706506247034
9,"Acc_B",-0.560416553856523
10,"Acc_B",-0.515430658504585
11,"Acc_B",-0.474735966115489
12,"Acc_B",-0.437584622699557
13,"Acc_B",-0.403408699692673
14,"Acc_B",-0.371766737243678
15,"Acc_B",-0.342308774957109
16,"Acc_B",-0.314752691542591
17,"Acc_B",-0.288867730029664
18,"Acc_B",-0.264462739152081
19,"Acc_B",-0.241377598168775
20,"Acc_B",-0.219476843800143
21,"Acc_B",-0.198644853696202
22,"Acc_B",-0.178782151411047
23,"Acc_B",-0.159802533413399
24,"Acc_B",-0.141630807995115
25,"Acc_B",-0.124200996057694
26,"Acc_B",-0.107454884988231
27,"Acc_B",-0.0913408556046047
28,"Acc_B",-0.0758129225392357
29,"Acc_B",-0.0608299430906727
30,"Acc_B",-0.0463549602526665
31,"Acc_B",-0.0323546535066914
32,"Acc_B",-0.0187988768381491
33,"Acc_B",-0.00566026786357043
34,"Acc_B",0.007086084674778
35,"Acc_B",0.0194629252032128
36,"Acc_B",0.0314910755523612
37,"Acc_B",0.043189645722423
38,"Acc_B",0.0545762165356669
39,"Acc_B",0.0656669985592455
40,"Acc_B",0.0764769709042996
41,"Acc_B",0.0870200028837933
42,"Acc_B",0.0973089610082405
43,"Acc_B",0.10735580338999
44,"Acc_B",0.117171663293396
45,"Acc_B",0.12676692329481
46,"Acc_B",0.136151281291043
47,"Acc_B",0.145333809408404
48,"Acc_B",0.154323006709327
49,"Acc_B",0.16312684646412
50,"Acc_B",0.171752818646748
51,"Acc_B",0.180207968222254
52,"Acc_B",0.188498929716212
53,"Acc_B",0.196631958491222
54,"Acc_B",0.204612959099838
55,"Acc_B",0.212447511035844
56,"Acc_B",0.220140892165207
57,"Acc_B",0.227698100083143
58,"Acc_B",0.235123871613769
59,"Acc_B",0.242422700642849
60,"Acc_B",0.249598854451776
61,"Acc_B",0.256656388701443
62,"Acc_B",0.263599161197751
63,"Acc_B",0.270430844555717
64,"Acc_B",0.277154937866293
65,"Acc_B",0.28377477745866
66,"Acc_B",0.290293546840872
67,"Acc_B",0.296714285892999
68,"Acc_B",0.30303989937922
69,"Acc_B",0.30927316483852
70,"Acc_B",0.315416739907655
71,"Acc_B",0.321473169124706
72,"Acc_B",0.327444890256803
73,"Acc_B",0.333334240191422
74,"Acc_B",0.339143460426865
75,"Acc_B",0.344874702194224
76,"Acc_B",0.350530031240109
77,"Acc_B",0.356111432296751
78,"Acc_B",0.361620813263688
79,"Acc_B",0.367060009123076
80,"Acc_B",0.372430785608742
81,"Acc_B",0.377734842647314
82,"Acc_B",0.382973817588236
83,"Acc_B",0.388149288238
84,"Acc_B",0.393262775712683
85,"Acc_B",0.398315747121669
86,"Acc_B",0.403309618094432
87,"Acc_B",0.408245755161246
88,"Acc_B",0.413125477997838
89,"Acc_B",0.417950061543231
90,"Acc_B",0.422720737999252
91,"Acc_B",0.427438698719567
92,"Acc_B",0.432105095995486
93,"Acc_B",0.436721044745227
94,"Acc_B",0.441287624112846
95,"Acc_B",0.445805878982558
96,"Acc_B",0.450276821413769
97,"Acc_B",0.454701432001758
98,"Acc_B",0.459080661168562
99,"Acc_B",0.463415430388348
100,"Acc_B",0.467706633351191
101,"Acc_B",0.471955137068954
102,"Acc_B",0.476161782926696
103,"Acc_B",0.480327387682777
104,"Acc_B",0.484452744420654
105,"Acc_B",0.488538623455131
106,"Acc_B",0.492585773195664
107,"Acc_B",0.496594920969119
108,"Acc_B",0.50056677380428
109,"Acc_B",0.504502019180181
110,"Acc_B",0.508401325740286
111,"Acc_B",0.512265343974341
112,"Acc_B",0.516094706869648
113,"Acc_B",0.5198900305334
114,"Acc_B",0.523651914787585
115,"Acc_B",0.527380943737934
116,"Acc_B",0.531077686318211
117,"Acc_B",0.534742696811164
118,"Acc_B",0.538376515347291
119,"Acc_B",0.541979668382576
120,"Acc_B",0.545552669156218
121,"Acc_B",0.549096018129382
122,"Acc_B",0.552610203405886
123,"Acc_B",0.556095701135711
124,"Acc_B",0.559552975902193
125,"Acc_B",0.562982481093639
126,"Acc_B",0.566384659260159
127,"Acc_B",0.569759942456382
128,"Acc_B",0.573108752570735
129,"Acc_B",0.576431501641908
130,"Acc_B",0.579728592163102
131,"Acc_B",0.583000417374616
132,"Acc_B",0.586247361545314
133,"Acc_B",0.589469800243465
134,"Acc_B",0.592668100597442
135,"Acc_B",0.595842621546728
136,"Acc_B",0.598993714083663
137,"Acc_B",0.602121721486326
138,"Acc_B",0.605226979542962
139,"Acc_B",0.608309816768296
140,"Acc_B",0.611370554612097
141,"Acc_B",0.614409507660322
142,"Acc_B",0.617426983829148
143,"Acc_B",0.620423284552198
144,"Acc_B",0.623398704961246
145,"Acc_B",0.62635353406066
146,"Acc_B",0.629288054895865
147,"Acc_B",0.632202544716038
148,"Acc_B",0.635097275131307
149,"Acc_B",0.637972512264641
150,"Acc_B",0.640828516898666
151,"Acc_B",0.64366554461761
152,"Acc_B",0.646483845944552
153,"Acc_B",0.649283666474173
154,"Acc_B",0.652065247001194
155,"Acc_B",0.654828823644642
156,"Acc_B",0.65757462796813
157,"Acc_B",0.660302887096292
158,"Acc_B",0.663013823827519
159,"Acc_B",0.66570765674314
160,"Acc_B",0.668384600313184
161,"Acc_B",0.671044864998841
162,"Acc_B",0.673688657351756
163,"Acc_B",0.676316180110262
164,"Acc_B",0.678927632292678
165,"Acc_B",0.681523209287763
166,"Acc_B",0.684103102942443
167,"Acc_B",0.6866675016469
168,"Acc_B",0.689216590417125
169,"Acc_B",0.691750550975014
170,"Acc_B",0.694269561826111
171,"Acc_B",0.696773798335062
172,"Acc_B",0.699263432798875
173,"Acc_B",0.701738634518055
174,"Acc_B",0.704199569865688
175,"Acc_B",0.706646402354546
176,"Acc_B",0.70907929270228
177,"Acc_B",0.711498398894768
178,"Acc_B",0.713903876247673
179,"Acc_B",0.716295877466287
180,"Acc_B",0.718674552703694
181,"Acc_B",0.721040049617336
182,"Acc_B",0.723392513424009
183,"Acc_B",0.725732086953362
184,"Acc_B",0.728058910699928
185,"Acc_B",0.730373122873756
186,"Acc_B",0.732674859449669
187,"Acc_B",0.734964254215207
188,"Acc_B",0.737241438817288
189,"Acc_B",0.739506542807635
190,"Acc_B",0.741759693687
191,"Acc_B",0.744001016948231
192,"Acc_B",0.746230636118212
193,"Acc_B",0.748448672798716
194,"Acc_B",0.7506552467062
195,"Acc_B",0.752850475710579
196,"Acc_B",0.755034475873004
197,"Acc_B",0.757207361482689
198,"Acc_B",0.75936924509279
199,"Acc_B",0.761520237555396
200,"Acc_B",0.763660448055632
201,"Acc_B",0.765789984144918
202,"Acc_B",0.767908951773396
203,"Acc_B",0.770017455321567
204,"Acc_B",0.772115597631139
205,"Acc_B",0.774203480035126
206,"Acc_B",0.77628120238722
207,"Acc_B",0.778348863090438
208,"Acc_B",0.780406559125096
209,"Acc_B",0.782454386076096
210,"Acc_B",0.784492438159573
211,"Acc_B",0.786520808248905
212,"Acc_B",0.788539587900106
213,"Acc_B",0.790548867376625
214,"Acc_B",0.792548735673562
215,"Acc_B",0.794539280541323
216,"Acc_B",0.796520588508722
217,"Acc_B",0.798492744905549
218,"Acc_B",0.800455833884623
219,"Acc_B",0.802409938443341
220,"Acc_B",0.804355140444729
221,"Acc_B",0.806291520638023
222,"Acc_B",0.808219158678784
223,"Acc_B",0.810138133148556
224,"Acc_B",0.812048521574091
225,"Acc_B",0.813950400446143
226,"Acc_B",0.815843845237842
227,"Acc_B",0.817728930422668
228,"Acc_B",0.819605729492028
229,"Acc_B",0.821474314972444
230,"Acc_B",0.823334758442376
231,"Acc_B",0.825187130548669
232,"Acc_B",0.827031501022654
233,"Acc_B",0.828867938695895
234,"Acc_B",0.830696511515606
235,"Acc_B",0.832517286559737
236,"Acc_B",0.834330330051734
237,"Acc_B",0.836135707374995
238,"Acc_B",0.837933483087018
239,"Acc_B",0.839723720933252
240,"Acc_B",0.84150648386066
241,"Acc_B",0.843281834030999
242,"Acc_B",0.845049832833825
243,"Acc_B",0.846810540899232
244,"Acc_B",0.848564018110328
245,"Acc_B",0.850310323615453
246,"Acc_B",0.852049515840154
247,"Acc_B",0.853781652498912
248,"Acc_B",0.855506790606635
249,"Acc_B",0.857224986489919
250,"Acc_B",0.858936295798081
251,"Acc_B",0.860640773513977
252,"Acc_B",0.862338473964601
253,"Acc_B",0.864029450831473
254,"Acc_B",0.865713757160825
255,"Acc_B",0.867391445373587
256,"Acc_B",0.869062567275177
257,"Acc_B",0.870727174065099
258,"Acc_B",0.872385316346351
259,"Acc_B",0.874037044134663
260,"Acc_B",0.875682406867544
261,"Acc_B",0.877321453413164
262,"Acc_B",0.878954232079058
263,"Acc_B",0.880580790620676
264,"Acc_B",0.882201176249756
265,"Acc_B",0.883815435642554
266,"Acc_B",0.885423614947907
267,"Acc_B",0.887025759795149
268,"Acc_B",0.888621915301884
269,"Acc_B",0.890212126081602
270,"Acc_B",0.891796436251171
271,"Acc_B",0.893374889438169
272,"Acc_B",0.894947528788105
273,"Acc_B",0.896514396971486
274,"Acc_B",0.898075536190768
275,"Acc_B",0.899630988187177
276,"Acc_B",0.901180794247404
277,"Acc_B",0.902724995210181
278,"Acc_B",0.904263631472738
279,"Acc_B",0.905796742997145
280,"Acc_B",0.90732436931654
281,"Acc_B",0.908846549541241
282,"Acc_B",0.910363322364764
283,"Acc_B",0.911874726069715
284,"Acc_B",0.91338079853359
285,"Acc_B",0.914881577234476
286,"Acc_B",0.91637709925664
287,"Acc_B",0.917867401296034
288,"Acc_B",0.919352519665688
289,"Acc_B",0.920832490301032
290,"Acc_B",0.922307348765103
291,"Acc_B",0.923777130253676
292,"Acc_B",0.925241869600307
293,"Acc_B",0.92670160128128
294,"Acc_B",0.92815635942048
295,"Acc_B",0.929606177794182
296,"Acc_B",0.93105108983575
297,"Acc_B",0.932491128640267
298,"Acc_B",0.933926326969083
299,"Acc_B",0.935356717254288
300,"Acc_B",0.936782331603109
301,"Acc_B",0.93820320180223
302,"Acc_B",0.939619359322053
303,"Acc_B",0.941030835320873
304,"Acc_B",0.942437660648994
305,"Acc_B",0.943839865852776
306,"Acc_B",0.945237481178615
307,"Acc_B",0.946630536576853
308,"Acc_B",0.948019061705636
309,"Acc_B",0.949403085934696
310,"Acc_B",0.950782638349084
311,"Acc_B",0.952157747752834
312,"Acc_B",0.953528442672572
313,"Acc_B",0.95489475136107
314,"Acc_B",0.956256701800734
315,"Acc_B",0.95761432170705
316,"Acc_B",0.958967638531961
317,"Acc_B",0.960316679467203
318,"Acc_B",0.961661471447582
319,"Acc_B",0.963002041154199
320,"Acc_B",0.964338415017626
321,"Acc_B",0.965670619221038
322,"Acc_B",0.966998679703284
323,"Acc_B",0.968322622161921
324,"Acc_B",0.969642472056198
325,"Acc_B",0.970958254609993
326,"Acc_B",0.972269994814704
327,"Acc_B",0.973577717432099
328,"Acc_B",0.97488144699712
329,"Acc_B",0.976181207820644
330,"Acc_B",0.977477023992205
331,"Acc_B",0.978768919382671
332,"Acc_B",0.980056917646885
333,"Acc_B",0.98134104222626
334,"Acc_B",0.982621316351342
335,"Acc_B",0.983897763044332
336,"Acc_B",0.985170405121567
337,"Acc_B",0.986439265195969
338,"Acc_B",0.987704365679456
339,"Acc_B",0.988965728785318
340,"Acc_B",0.990223376530553
341,"Acc_B",0.99147733073818
342,"Acc_B",0.992727613039504
343,"Acc_B",0.99397424487636
344,"Acc_B",0.995217247503317
345,"Acc_B",0.996456641989853
346,"Acc_B",0.997692449222497
347,"Acc_B",0.998924689906943
348,"Acc_B",1.00015338457013
349,"Acc_B",1.00137855356229
350,"Acc_B",1.00260021705899
351,"Acc_B",1.00381839506308
352,"Acc_B",1.00503310740672
353,"Acc_B",1.00624437375327
354,"Acc_B",1.00745221359921
355,"Acc_B",1.00865664627604
356,"Acc_B",1.00985769095212
357,"Acc_B",1.01105536663449
358,"Acc_B",1.01224969217073
359,"Acc_B",1.01344068625065
360,"Acc_B",1.01462836740814
361,"Acc_B",1.01581275402281
362,"Acc_B",1.01699386432178
363,"Acc_B",1.0181717163813
364,"Acc_B",1.01934632812845
365,"Acc_B",1.02051771734276
366,"Acc_B",1.0216859016578
367,"Acc_B",1.02285089856285
368,"Acc_B",1.02401272540437
369,"Acc_B",1.02517139938763
370,"Acc_B",1.0263269375782
371,"Acc_B",1.02747935690346
372,"Acc_B",1.02862867415411
373,"Acc_B",1.02977490598561
374,"Acc_B",1.03091806891965
375,"Acc_B",1.03205817934556
376,"Acc_B",1.03319525352173
377,"Acc_B",1.03432930757701
378,"Acc_B",1.03546035751208
379,"Acc_B",1.03658841920077
380,"Acc_B",1.03771350839144
381,"Acc_B",1.0388356407083
382,"Acc_B",1.03995483165267
383,"Acc_B",1.04107109660431
384,"Acc_B",1.04218445082265
385,"Acc_B",1.04329490944808
386,"Acc_B",1.04440248750316
387,"Acc_B",1.04550719989383
388,"Acc_B",1.04660906141064
389,"Acc_B",1.04770808672994
390,"Acc_B",1.04880429041502
391,"Acc_B",1.0498976869173
392,"Acc_B",1.05098829057745
393,"Acc_B",1.05207611562653
394,"Acc_B",1.05316117618713
395,"Acc_B",1.05424348627441
396,"Acc_B",1.05532305979723
397,"Acc_B",1.05639991055923
398,"Acc_B",1.05747405225984
399,"Acc_B",1.05854549849538
400,"Acc_B",1.05961426276007
401,"Acc_B",1.06068035844705
402,"Acc_B",1.06174379884936
403,"Acc_B",1.062804597161
404,"Acc_B",1.06386276647784
405,"Acc_B",1.06491831979865
406,"Acc_B",1.06597127002601
407,"Acc_B",1.06702162996729
408,"Acc_B",1.06806941233558
409,"Acc_B",1.06911462975058
410,"Acc_B",1.07015729473957
411,"Acc_B",1.07119741973824
412,"Acc_B",1.07223501709166
413,"Acc_B",1.07327009905509
414,"Acc_B",1.07430267779488
415,"Acc_B",1.07533276538933
416,"Acc_B",1.07636037382954
417,"Acc_B",1.07738551502021
418,"Acc_B",1.07840820078054
419,"Acc_B",1.07942844284496
420,"Acc_B",1.08044625286402
421,"Acc_B",1.08146164240512
422,"Acc_B",1.08247462295335
423,"Acc_B",1.08348520591224
424,"Acc_B",1.08449340260455
425,"Acc_B",1.085499224273
426,"Acc_B",1.08650268208107
427,"Acc_B",1.08750378711368
428,"Acc_B",1.088502550378
429,"Acc_B",1.08949898280412
430,"Acc_B",1.09049309524577
431,"Acc_B",1.09148489848106
432,"Acc_B",1.09247440321316
433,"Acc_B",1.09346162007102
434,"Acc_B",1.09444655960999
435,"Acc_B",1.09542923231258
436,"Acc_B",1.09640964858907
437,"Acc_B",1.09738781877819
438,"Acc_B",1.09836375314778
439,"Acc_B",1.09933746189545
440,"Acc_B",1.10030895514917
441,"Acc_B",1.10127824296796
442,"Acc_B",1.10224533534247
443,"Acc_B",1.10321024219562
444,"Acc_B",1.10417297338323
445,"Acc_B",1.10513353869456
446,"Acc_B",1.106091947853
447,"Acc_B",1.10704821051656
448,"Acc_B",1.10800233627853
449,"Acc_B",1.10895433466804
450,"Acc_B",1.10990421515059
451,"Acc_B",1.11085198712866
452,"Acc_B",1.11179765994228
453,"Acc_B",1.11274124286953
454,"Acc_B",1.11368274512711
455,"Acc_B",1.1146221758709
456,"Acc_B",1.11555954419647
457,"Acc_B",1.11649485913962
458,"Acc_B",1.11742812967689
459,"Acc_B",1.11835936472609
460,"Acc_B",1.11928857314682
461,"Acc_B",1.12021576374094
462,"Acc_B",1.12114094525311
463,"Acc_B",1.12206412637126
464,"Acc_B",1.1229853157271
465,"Acc_B",1.12390452189656
466,"Acc_B",1.12482175340034
467,"Acc_B",1.12573701870431
468,"Acc_B",1.12665032622005
469,"Acc_B",1.12756168430524
470,"Acc_B",1.12847110126418
471,"Acc_B",1.12937858534821
472,"Acc_B",1.13028414475618
473,"Acc_B",1.13118778763486
474,"Acc_B",1.13208952207944
475,"Acc_B",1.13298935613389
476,"Acc_B",1.13388729779146
477,"Acc_B",1.13478335499506
478,"Acc_B",1.13567753563769
479,"Acc_B",1.13656984756289
480,"Acc_B",1.1374602985651
481,"Acc_B",1.13834889639011
482,"Acc_B",1.13923564873544
483,"Acc_B",1.14012056325076
484,"Acc_B",1.14100364753827
485,"Acc_B",1.14188490915309
486,"Acc_B",1.14276435560367
487,"Acc_B",1.14364199435216
488,"Acc_B",1.14451783281477
489,"Acc_B",1.14539187836218
490,"Acc_B",1.1462641383199
491,"Acc_B",1.14713461996861
492,"Acc_B",1.1480033305446
493,"Acc_B",1.14887027724002
494,"Acc_B",1.14973546720335
495,"Acc_B",1.15059890753968
496,"Acc_B",1.15146060531108
497,"Acc_B",1.15232056753695
498,"Acc_B",1.15317880119436
499,"Acc_B",1.15403531321841
500,"Acc_B",1.15489011050252
501,"Acc_B",1.15574319989882
502,"Acc_B",1.15659458821842
503,"Acc_B",1.15744428223179
504,"Acc_B",1.15829228866904
505,"Acc_B",1.15913861422029
506,"Acc_B",1.15998326553592
507,"Acc_B",1.16082624922693
508,"Acc_B",1.16166757186527
509,"Acc_B",1.16250723998407
510,"Acc_B",1.16334526007803
511,"Acc_B",1.16418163860366
512,"Acc_B",1.16501638197962
513,"Acc_B",1.16584949658698
514,"Acc_B",1.16668098876954
515,"Acc_B",1.16751086483411
516,"Acc_B",1.16833913105079
517,"Acc_B",1.16916579365328
518,"Acc_B",1.16999085883911
519,"Acc_B",1.17081433276997
520,"Acc_B",1.17163622157199
1,"Acc_Ku",-0.388637373995969
2,"Acc_Ku",-0.261519968982384
3,"Acc_Ku",-0.187161053860453
4,"Acc_Ku",-0.134402563968798
5,"Acc_Ku",-0.0934798999457497
6,"Acc_Ku",-0.0600436488468676
7,"Acc_Ku",-0.0317737013518904
8,"Acc_Ku",-0.0072851589552132
9,"Acc_Ku",0.0143152662750633
10,"Acc_Ku",0.0336375050678356
11,"Acc_Ku",0.0511165961871511
12,"Acc_Ku",0.0670737561667176
13,"Acc_Ku",0.0817529203833295
14,"Acc_Ku",0.0953437036616948
15,"Acc_Ku",0.107996420189766
16,"Acc_Ku",0.119832246058372
17,"Acc_Ku",0.13095029547323
18,"Acc_Ku",0.141432671288648
19,"Acc_Ku",0.151348148198791
20,"Acc_Ku",0.160754910081421
21,"Acc_Ku",0.169702618783626
22,"Acc_Ku",0.178234001200736
23,"Acc_Ku",0.186386083276176
24,"Acc_Ku",0.194191161180303
25,"Acc_Ku",0.201677574104469
26,"Acc_Ku",0.208870325396915
27,"Acc_Ku",0.215791586410579
28,"Acc_Ku",0.22246110867528
29,"Acc_Ku",0.228896563709962
30,"Acc_Ku",0.235113825203352
31,"Acc_Ku",0.241127204908289
32,"Acc_Ku",0.246949651071957
33,"Acc_Ku",0.252592916322667
34,"Acc_Ku",0.258067700486815
35,"Acc_Ku",0.263383772698329
36,"Acc_Ku",0.268550076302234
37,"Acc_Ku",0.273574819382071
38,"Acc_Ku",0.278465553212377
39,"Acc_Ku",0.283229240518845
40,"Acc_Ku",0.287872315095006
41,"Acc_Ku",0.292400734056413
42,"Acc_Ku",0.296820023797211
43,"Acc_Ku",0.30113532053844
44,"Acc_Ku",0.305351406214321
45,"Acc_Ku",0.309472740325282
46,"Acc_Ku",0.313503488289761
47,"Acc_Ku",0.317447546746683
48,"Acc_Ku",0.321308566193888
49,"Acc_Ku",0.325089971292188
50,"Acc_Ku",0.328794979118055
51,"Acc_Ku",0.332426615608746
52,"Acc_Ku",0.3359877304105
53,"Acc_Ku",0.33948101031234
54,"Acc_Ku",0.342908991424165
55,"Acc_Ku",0.34627407023737
56,"Acc_Ku",0.349578513688865
57,"Acc_Ku",0.352824468334307
58,"Acc_Ku",0.356013968723548
59,"Acc_Ku",0.359148945060112
60,"Acc_Ku",0.362231230216937
61,"Acc_Ku",0.365262566172205
62,"Acc_Ku",0.368244609921874
63,"Acc_Ku",0.371178938919142
64,"Acc_Ku",0.374067056085542
65,"Acc_Ku",0.376910394433549
66,"Acc_Ku",0.379710321336252
67,"Acc_Ku",0.382468142475983
68,"Acc_Ku",0.385185105500401
69,"Acc_Ku",0.387862403411692
70,"Acc_Ku",0.390501177711914
71,"Acc_Ku",0.393102521325237
72,"Acc_Ku",0.395667481315819
73,"Acc_Ku",0.398197061418219
74,"Acc_Ku",0.400692224395656
75,"Acc_Ku",0.403153894239985
76,"Acc_Ku",0.405582958225962
77,"Acc_Ku",0.40798026883123
78,"Acc_Ku",0.410346645532431
79,"Acc_Ku",0.412682876486901
80,"Acc_Ku",0.414989720108591
81,"Acc_Ku",0.417267906546095
82,"Acc_Ku",0.419518139069999
83,"Acc_Ku",0.421741095376134
84,"Acc_Ku",0.423937428810796
85,"Acc_Ku",0.426107769523449
86,"Acc_Ku",0.428252725552025
87,"Acc_Ku",0.430372883845478
88,"Acc_Ku",0.432468811227907
89,"Acc_Ku",0.4345410553082
90,"Acc_Ku",0.436590145338868
91,"Acc_Ku",0.438616593027408
92,"Acc_Ku",0.440620893303347
93,"Acc_Ku",0.442603525043805
94,"Acc_Ku",0.444564951760268
95,"Acc_Ku",0.44650562224901
96,"Acc_Ku",0.448425971207473
97,"Acc_Ku",0.450326419818694
98,"Acc_Ku",0.452207376305773
99,"Acc_Ku",0.454069236458183
100,"Acc_Ku",0.45591238413164
101,"Acc_Ku",0.457737191723095
102,"Acc_Ku",0.459544020622331
103,"Acc_Ku",0.461333221641531
104,"Acc_Ku",0.463105135424085
105,"Acc_Ku",0.464860092833845
106,"Acc_Ku",0.466598415325926
107,"Acc_Ku",0.468320415300099
108,"Acc_Ku",0.47002639643775
109,"Acc_Ku",0.471716654023298
110,"Acc_Ku",0.473391475250955
111,"Acc_Ku",0.475051139517587
112,"Acc_Ku",0.47669591870245
113,"Acc_Ku",0.478326077434496
114,"Acc_Ku",0.479941873347893
115,"Acc_Ku",0.481543557326395
116,"Acc_Ku",0.483131373737133
117,"Acc_Ku",0.484705560654362
118,"Acc_Ku",0.486266350073697
119,"Acc_Ku",0.487813968117309
120,"Acc_Ku",0.489348635230522
121,"Acc_Ku",0.490870566370271
122,"Acc_Ku",0.49237997118579
123,"Acc_Ku",0.493877054191929
124,"Acc_Ku",0.49536201493546
125,"Acc_Ku",0.496835048154689
126,"Acc_Ku",0.498296343932727
127,"Acc_Ku",0.499746087844689
128,"Acc_Ku",0.501184461099128
129,"Acc_Ku",0.502611640673956
130,"Acc_Ku",0.504027799447134
131,"Acc_Ku",0.505433106322333
132,"Acc_Ku",0.506827726349838
133,"Acc_Ku",0.50821182084287
134,"Acc_Ku",0.509585547489568
135,"Acc_Ku",0.510949060460798
136,"Acc_Ku",0.512302510513986
137,"Acc_Ku",0.513646045093146
138,"Acc_Ku",0.514979808425277
139,"Acc_Ku",0.516303941613272
140,"Acc_Ku",0.517618582725499
141,"Acc_Ku",0.518923866882199
142,"Acc_Ku",0.520219926338822
143,"Acc_Ku",0.521506890566449
144,"Acc_Ku",0.522784886329404
145,"Acc_Ku",0.524054037760182
146,"Acc_Ku",0.525314466431804
147,"Acc_Ku",0.526566291427704
148,"Acc_Ku",0.527809629409241
149,"Acc_Ku",0.529044594680944
150,"Acc_Ku",0.530271299253571
151,"Acc_Ku",0.531489852905072
152,"Acc_Ku",0.532700363239547
153,"Acc_Ku",0.533902935744262
154,"Acc_Ku",0.535097673844815
155,"Acc_Ku",0.536284678958508
156,"Acc_Ku",0.537464050546016
157,"Acc_Ku",0.53863588616139
158,"Acc_Ku",0.539800281500486
159,"Acc_Ku",0.540957330447856
160,"Acc_Ku",0.542107125122176
161,"Acc_Ku",0.543249755920255
162,"Acc_Ku",0.54438531155968
163,"Acc_Ku",0.545513879120159
164,"Acc_Ku",0.546635544083584
165,"Acc_Ku",0.547750390372886
166,"Acc_Ku",0.548858500389719
167,"Acc_Ku",0.549959955051003
168,"Acc_Ku",0.551054833824381
169,"Acc_Ku",0.552143214762628
170,"Acc_Ku",0.553225174537035
171,"Acc_Ku",0.554300788469823
172,"Acc_Ku",0.555370130565611
173,"Acc_Ku",0.556433273541962
174,"Acc_Ku",0.557490288859064
175,"Acc_Ku",0.558541246748548
176,"Acc_Ku",0.559586216241492
177,"Acc_Ku",0.560625265195628
178,"Acc_Ku",0.561658460321786
179,"Acc_Ku",0.562685867209591
180,"Acc_Ku",0.563707550352453
181,"Acc_Ku",0.564723573171858
182,"Acc_Ku",0.565733998040993
183,"Acc_Ku",0.566738886307721
184,"Acc_Ku",0.567738298316932
185,"Acc_Ku",0.56873229343229
186,"Acc_Ku",0.56972093005739
187,"Acc_Ku",0.57070426565635
188,"Acc_Ku",0.571682356773853
189,"Acc_Ku",0.572655259054658
190,"Acc_Ku",0.573623027262596
191,"Acc_Ku",0.574585715299068
192,"Acc_Ku",0.575543376221058
193,"Acc_Ku",0.576496062258683
194,"Acc_Ku",0.57744382483228
195,"Acc_Ku",0.578386714569065
196,"Acc_Ku",0.579324781319358
197,"Acc_Ku",0.580258074172401
198,"Acc_Ku",0.581186641471768
199,"Acc_Ku",0.582110530830395
200,"Acc_Ku",0.583029789145225
201,"Acc_Ku",0.583944462611499
202,"Acc_Ku",0.58485459673668
203,"Acc_Ku",0.585760236354041
204,"Acc_Ku",0.586661425635917
205,"Acc_Ku",0.587558208106633
206,"Acc_Ku",0.588450626655116
207,"Acc_Ku",0.589338723547208
208,"Acc_Ku",0.59022254043767
209,"Acc_Ku",0.591102118381911
210,"Acc_Ku",0.59197749784743
211,"Acc_Ku",0.592848718724987
212,"Acc_Ku",0.593715820339511
213,"Acc_Ku",0.594578841460753
214,"Acc_Ku",0.595437820313685
215,"Acc_Ku",0.596292794588659
216,"Acc_Ku",0.597143801451335
217,"Acc_Ku",0.597990877552367
218,"Acc_Ku",0.598834059036884
219,"Acc_Ku",0.599673381553735
220,"Acc_Ku",0.600508880264541
221,"Acc_Ku",0.601340589852528
222,"Acc_Ku",0.602168544531172
223,"Acc_Ku",0.602992778052637
224,"Acc_Ku",0.603813323716035
225,"Acc_Ku",0.604630214375501
226,"Acc_Ku",0.605443482448081
227,"Acc_Ku",0.606253159921453
228,"Acc_Ku",0.607059278361478
229,"Acc_Ku",0.607861868919582
230,"Acc_Ku",0.608660962339981
231,"Acc_Ku",0.609456588966745
232,"Acc_Ku",0.610248778750718
233,"Acc_Ku",0.611037561256274
234,"Acc_Ku",0.611822965667947
235,"Acc_Ku",0.612605020796902
236,"Acc_Ku",0.613383755087283
237,"Acc_Ku",0.614159196622417
238,"Acc_Ku",0.614931373130894
239,"Acc_Ku",0.615700311992512
240,"Acc_Ku",0.616466040244107
241,"Acc_Ku",0.617228584585255
242,"Acc_Ku",0.617987971383856
243,"Acc_Ku",0.618744226681611
244,"Acc_Ku",0.619497376199375
245,"Acc_Ku",0.620247445342407
246,"Acc_Ku",0.620994459205515
247,"Acc_Ku",0.62173844257809
248,"Acc_Ku",0.622479419949045
249,"Acc_Ku",0.62321741551165
250,"Acc_Ku",0.623952453168274
251,"Acc_Ku",0.624684556535026
252,"Acc_Ku",0.625413748946312
253,"Acc_Ku",0.626140053459296
254,"Acc_Ku",0.626863492858275
255,"Acc_Ku",0.627584089658965
256,"Acc_Ku",0.628301866112713
257,"Acc_Ku",0.62901684421061
258,"Acc_Ku",0.629729045687542
259,"Acc_Ku",0.630438492026149
260,"Acc_Ku",0.631145204460719
261,"Acc_Ku",0.631849203980994
262,"Acc_Ku",0.632550511335918
263,"Acc_Ku",0.633249147037302
264,"Acc_Ku",0.633945131363423
265,"Acc_Ku",0.634638484362559
266,"Acc_Ku",0.635329225856455
267,"Acc_Ku",0.636017375443716
268,"Acc_Ku",0.636702952503153
269,"Acc_Ku",0.637385976197051
270,"Acc_Ku",0.638066465474384
271,"Acc_Ku",0.638744439073971
272,"Acc_Ku",0.639419915527571
273,"Acc_Ku",0.640092913162924
274,"Acc_Ku",0.640763450106731
275,"Acc_Ku",0.641431544287589
276,"Acc_Ku",0.642097213438863
277,"Acc_Ku",0.64276047510151
278,"Acc_Ku",0.643421346626857
279,"Acc_Ku",0.644079845179321
280,"Acc_Ku",0.644735987739084
281,"Acc_Ku",0.645389791104722
282,"Acc_Ku",0.646041271895784
283,"Acc_Ku",0.646690446555327
284,"Acc_Ku",0.647337331352407
285,"Acc_Ku",0.647981942384527
286,"Acc_Ku",0.648624295580035
287,"Acc_Ku",0.649264406700492
288,"Acc_Ku",0.649902291342989
289,"Acc_Ku",0.650537964942429
290,"Acc_Ku",0.651171442773767
291,"Acc_Ku",0.651802739954211
292,"Acc_Ku",0.652431871445389
293,"Acc_Ku",0.653058852055478
294,"Acc_Ku",0.653683696441289
295,"Acc_Ku",0.654306419110331
296,"Acc_Ku",0.654927034422826
297,"Acc_Ku",0.655545556593699
298,"Acc_Ku",0.65616199969453
299,"Acc_Ku",0.656776377655474
300,"Acc_Ku",0.657388704267156
301,"Acc_Ku",0.657998993182519
302,"Acc_Ku",0.658607257918657
303,"Acc_Ku",0.659213511858611
304,"Acc_Ku",0.659817768253132
305,"Acc_Ku",0.660420040222424
306,"Acc_Ku",0.661020340757847
307,"Acc_Ku",0.661618682723607
308,"Acc_Ku",0.6622150788584
309,"Acc_Ku",0.662809541777047
310,"Acc_Ku",0.663402083972093
311,"Acc_Ku",0.663992717815381
312,"Acc_Ku",0.664581455559601
313,"Acc_Ku",0.665168309339819
314,"Acc_Ku",0.665753291174976
315,"Acc_Ku",0.666336412969361
316,"Acc_Ku",0.666917686514072
317,"Acc_Ku",0.66749712348844
318,"Acc_Ku",0.668074735461442
319,"Acc_Ku",0.668650533893082
320,"Acc_Ku",0.669224530135761
321,"Acc_Ku",0.669796735435615
322,"Acc_Ku",0.67036716093384
323,"Acc_Ku",0.67093581766799
324,"Acc_Ku",0.671502716573266
325,"Acc_Ku",0.672067868483768
326,"Acc_Ku",0.672631284133745
327,"Acc_Ku",0.673192974158815
328,"Acc_Ku",0.673752949097169
329,"Acc_Ku",0.674311219390761
330,"Acc_Ku",0.674867795386471
331,"Acc_Ku",0.675422687337262
332,"Acc_Ku",0.675975905403304
333,"Acc_Ku",0.676527459653103
334,"Acc_Ku",0.677077360064588
335,"Acc_Ku",0.677625616526202
336,"Acc_Ku",0.678172238837966
337,"Acc_Ku",0.678717236712531
338,"Acc_Ku",0.679260619776213
339,"Acc_Ku",0.679802397570012
340,"Acc_Ku",0.68034257955062
341,"Acc_Ku",0.680881175091409
342,"Acc_Ku",0.681418193483408
343,"Acc_Ku",0.681953643936266
344,"Acc_Ku",0.682487535579196
345,"Acc_Ku",0.683019877461911
346,"Acc_Ku",0.683550678555547
347,"Acc_Ku",0.684079947753565
348,"Acc_Ku",0.684607693872649
349,"Acc_Ku",0.685133925653585
350,"Acc_Ku",0.685658651762133
351,"Acc_Ku",0.686181880789877
352,"Acc_Ku",0.686703621255077
353,"Acc_Ku",0.687223881603494
354,"Acc_Ku",0.687742670209213
355,"Acc_Ku",0.688259995375456
356,"Acc_Ku",0.688775865335371
357,"Acc_Ku",0.689290288252825
358,"Acc_Ku",0.689803272223176
359,"Acc_Ku",0.690314825274039
360,"Acc_Ku",0.690824955366038
361,"Acc_Ku",0.691333670393551
362,"Acc_Ku",0.691840978185443
363,"Acc_Ku",0.692346886505787
364,"Acc_Ku",0.692851403054578
365,"Acc_Ku",0.693354535468438
366,"Acc_Ku",0.693856291321306
367,"Acc_Ku",0.694356678125125
368,"Acc_Ku",0.694855703330517
369,"Acc_Ku",0.695353374327445
370,"Acc_Ku",0.695849698445875
371,"Acc_Ku",0.696344682956419
372,"Acc_Ku",0.696838335070975
373,"Acc_Ku",0.697330661943362
374,"Acc_Ku",0.697821670669935
375,"Acc_Ku",0.698311368290204
376,"Acc_Ku",0.698799761787438
377,"Acc_Ku",0.699286858089261
378,"Acc_Ku",0.699772664068243
379,"Acc_Ku",0.700257186542483
380,"Acc_Ku",0.700740432276181
381,"Acc_Ku",0.701222407980205
382,"Acc_Ku",0.701703120312653
383,"Acc_Ku",0.702182575879399
384,"Acc_Ku",0.702660781234643
385,"Acc_Ku",0.703137742881449
386,"Acc_Ku",0.703613467272268
387,"Acc_Ku",0.704087960809472
388,"Acc_Ku",0.704561229845865
389,"Acc_Ku",0.705033280685192
390,"Acc_Ku",0.70550411958265
391,"Acc_Ku",0.705973752745375
392,"Acc_Ku",0.706442186332944
393,"Acc_Ku",0.706909426457849
394,"Acc_Ku",0.707375479185987
395,"Acc_Ku",0.70784035053712
396,"Acc_Ku",0.708304046485354
397,"Acc_Ku",0.708766572959588
398,"Acc_Ku",0.70922793584398
399,"Acc_Ku",0.709688140978386
400,"Acc_Ku",0.71014719415881
401,"Acc_Ku",0.710605101137841
402,"Acc_Ku",0.711061867625084
403,"Acc_Ku",0.711517499287587
404,"Acc_Ku",0.711972001750265
405,"Acc_Ku",0.712425380596314
406,"Acc_Ku",0.712877641367626
407,"Acc_Ku",0.713328789565191
408,"Acc_Ku",0.713778830649502
409,"Acc_Ku",0.714227770040951
410,"Acc_Ku",0.714675613120218
411,"Acc_Ku",0.715122365228662
412,"Acc_Ku",0.715568031668702
413,"Acc_Ku",0.716012617704191
414,"Acc_Ku",0.716456128560793
415,"Acc_Ku",0.716898569426353
416,"Acc_Ku",0.717339945451255
417,"Acc_Ku",0.717780261748788
418,"Acc_Ku",0.718219523395496
419,"Acc_Ku",0.718657735431535
420,"Acc_Ku",0.719094902861015
421,"Acc_Ku",0.719531030652345
422,"Acc_Ku",0.719966123738572
423,"Acc_Ku",0.720400187017715
424,"Acc_Ku",0.720833225353096
425,"Acc_Ku",0.721265243573669
426,"Acc_Ku",0.721696246474338
427,"Acc_Ku",0.722126238816283
428,"Acc_Ku",0.72255522532727
429,"Acc_Ku",0.722983210701965
430,"Acc_Ku",0.723410199602245
431,"Acc_Ku",0.723836196657495
432,"Acc_Ku",0.72426120646492
433,"Acc_Ku",0.724685233589832
434,"Acc_Ku",0.725108282565953
435,"Acc_Ku",0.725530357895698
436,"Acc_Ku",0.725951464050469
437,"Acc_Ku",0.726371605470936
438,"Acc_Ku",0.72679078656732
439,"Acc_Ku",0.727209011719667
440,"Acc_Ku",0.727626285278126
441,"Acc_Ku",0.72804261156322
442,"Acc_Ku",0.728457994866114
443,"Acc_Ku",0.728872439448879
444,"Acc_Ku",0.729285949544757
445,"Acc_Ku",0.72969852935842
446,"Acc_Ku",0.730110183066222
447,"Acc_Ku",0.73052091481646
448,"Acc_Ku",0.730930728729621
449,"Acc_Ku",0.731339628898627
450,"Acc_Ku",0.731747619389087
451,"Acc_Ku",0.732154704239533
452,"Acc_Ku",0.732560887461666
453,"Acc_Ku",0.732966173040588
454,"Acc_Ku",0.733370564935038
455,"Acc_Ku",0.733774067077627
456,"Acc_Ku",0.734176683375063
457,"Acc_Ku",0.734578417708381
458,"Acc_Ku",0.734979273933167
459,"Acc_Ku",0.735379255879778
460,"Acc_Ku",0.735778367353566
461,"Acc_Ku",0.736176612135089
462,"Acc_Ku",0.736573993980331
463,"Acc_Ku",0.736970516620913
464,"Acc_Ku",0.737366183764303
465,"Acc_Ku",0.737760999094024
466,"Acc_Ku",0.73815496626986
467,"Acc_Ku",0.738548088928058
468,"Acc_Ku",0.738940370681532
469,"Acc_Ku",0.739331815120061
470,"Acc_Ku",0.739722425810487
471,"Acc_Ku",0.740112206296906
472,"Acc_Ku",0.740501160100868
473,"Acc_Ku",0.74088929072156
474,"Acc_Ku",0.741276601636002
475,"Acc_Ku",0.74166309629923
476,"Acc_Ku",0.742048778144479
477,"Acc_Ku",0.742433650583372
478,"Acc_Ku",0.742817717006097
479,"Acc_Ku",0.743200980781586
480,"Acc_Ku",0.743583445257692
481,"Acc_Ku",0.743965113761369
482,"Acc_Ku",0.74434598959884
483,"Acc_Ku",0.744726076055771
484,"Acc_Ku",0.745105376397442
485,"Acc_Ku",0.745483893868914
486,"Acc_Ku",0.745861631695196
487,"Acc_Ku",0.746238593081413
488,"Acc_Ku",0.74661478121296
489,"Acc_Ku",0.746990199255676
490,"Acc_Ku",0.747364850355992
491,"Acc_Ku",0.7477387376411
492,"Acc_Ku",0.7481118642191
493,"Acc_Ku",0.748484233179161
494,"Acc_Ku",0.748855847591675
495,"Acc_Ku",0.749226710508402
496,"Acc_Ku",0.74959682496263
497,"Acc_Ku",0.749966193969315
498,"Acc_Ku",0.750334820525235
499,"Acc_Ku",0.750702707609133
500,"Acc_Ku",0.751069858181859
501,"Acc_Ku",0.751436275186519
502,"Acc_Ku",0.751801961548611
503,"Acc_Ku",0.752166920176168
504,"Acc_Ku",0.752531153959897
505,"Acc_Ku",0.752894665773314
506,"Acc_Ku",0.753257458472881
507,"Acc_Ku",0.753619534898144
508,"Acc_Ku",0.75398089787186
509,"Acc_Ku",0.754341550200134
510,"Acc_Ku",0.754701494672551
511,"Acc_Ku",0.755060734062297
512,"Acc_Ku",0.755419271126298
513,"Acc_Ku",0.755777108605339
514,"Acc_Ku",0.756134249224195
515,"Acc_Ku",0.756490695691751
516,"Acc_Ku",0.756846450701127
517,"Acc_Ku",0.757201516929803
518,"Acc_Ku",0.757555897039734
519,"Acc_Ku",0.757909593677478
520,"Acc_Ku",0.758262609474304
1,"Aci_B",-2.85514706471955
2,"Aci_B",-2.31775610353888
3,"Aci_B",-2.00340254302168
4,"Aci_B",-1.7803651423582
5,"Aci_B",-1.60736389401561
6,"Aci_B",-1.466011581841
7,"Aci_B",-1.34649990477971
8,"Aci_B",-1.24297418117752
9,"Aci_B",-1.1516580213238
10,"Aci_B",-1.06997293283493
11,"Aci_B",-0.996079782041224
12,"Aci_B",-0.928620620660321
13,"Aci_B",-0.866564207796551
14,"Aci_B",-0.809108943599028
15,"Aci_B",-0.755619372317736
16,"Aci_B",-0.705583219996837
17,"Aci_B",-0.658581479669724
18,"Aci_B",-0.614267060143125
19,"Aci_B",-0.572349215244253
20,"Aci_B",-0.532581971654253
21,"Aci_B",-0.494755383081832
22,"Aci_B",-0.458688820860544
23,"Aci_B",-0.424225757193723
24,"Aci_B",-0.391229659479641
25,"Aci_B",-0.359580723311668
26,"Aci_B",-0.329173246615872
27,"Aci_B",-0.299913499625929
28,"Aci_B",-0.271717982418349
29,"Aci_B",-0.244511988350475
30,"Aci_B",-0.218228411137057
31,"Aci_B",-0.192806747602976
32,"Aci_B",-0.168192258816158
33,"Aci_B",-0.144335260343349
34,"Aci_B",-0.121190518489044
35,"Aci_B",-0.0987167340757646
36,"Aci_B",-0.0768760989624453
37,"Aci_B",-0.0556339133382884
38,"Aci_B",-0.0349582540635738
39,"Aci_B",-0.0148196860986758
40,"Aci_B",0.00480898952642672
41,"Aci_B",0.0239529566176331
42,"Aci_B",0.0426355780988472
43,"Aci_B",0.0608785674306489
44,"Aci_B",0.0787021403201345
45,"Aci_B",0.0961251493801392
46,"Aci_B",0.113165203986957
47,"Aci_B",0.129838777246977
48,"Aci_B",0.146161301701038
49,"Aci_B",0.162147255160139
50,"Aci_B",0.177810237869011
51,"Aci_B",0.193163042028151
52,"Aci_B",0.208217714564808
53,"Aci_B",0.222985613924637
54,"Aci_B",0.237477461554751
55,"Aci_B",0.251703388662719
56,"Aci_B",0.265672978762331
57,"Aci_B",0.279395306453623
58,"Aci_B",0.292878972830203
59,"Aci_B",0.306132137859848
60,"Aci_B",0.319162550043623
61,"Aci_B",0.331977573623508
62,"Aci_B",0.344584213577703
63,"Aci_B",0.356989138616043
64,"Aci_B",0.369198702364521
65,"Aci_B",0.381218962907392
66,"Aci_B",0.39305570083733
67,"Aci_B",0.404714435948276
68,"Aci_B",0.416200442691635
69,"Aci_B",0.427518764504153
70,"Aci_B",0.438674227104916
71,"Aci_B",0.449671450849181
72,"Aci_B",0.460514862218234
73,"Aci_B",0.471208704516752
74,"Aci_B",0.481757047842391
75,"Aci_B",0.492163798386207
76,"Aci_B",0.502432707117106
77,"Aci_B",0.512567377898623
78,"Aci_B",0.522571275082004
79,"Aci_B",0.532447730615601
80,"Aci_B",0.542199950707106
81,"Aci_B",0.551831022071947
82,"Aci_B",0.561343917798312
83,"Aci_B",0.570741502856701
84,"Aci_B",0.580026539279526
85,"Aci_B",0.589201691034219
86,"Aci_B",0.598269528611328
87,"Aci_B",0.6072325333474
88,"Aci_B",0.616093101500814
89,"Aci_B",0.624853548097336
90,"Aci_B",0.633516110560818
91,"Aci_B",0.642082952143296
92,"Aci_B",0.650556165167636
93,"Aci_B",0.658937774094899
94,"Aci_B",0.667229738427656
95,"Aci_B",0.67543395545969
96,"Aci_B",0.683552262881717
97,"Aci_B",0.691586441252095
98,"Aci_B",0.699538216340819
99,"Aci_B",0.707409261354527
100,"Aci_B",0.715201199049691
101,"Aci_B",0.722915603740669
102,"Aci_B",0.73055400320883
103,"Aci_B",0.738117880518554
104,"Aci_B",0.745608675745487
105,"Aci_B",0.753027787622111
106,"Aci_B",0.760376575105316
107,"Aci_B",0.767656358870375
108,"Aci_B",0.77486842273543
109,"Aci_B",0.782014015020325
110,"Aci_B",0.789094349843399
111,"Aci_B",0.796110608359587
112,"Aci_B",0.80306393994301
113,"Aci_B",0.809955463316992
114,"Aci_B",0.816786267634302
115,"Aci_B",0.823557413510221
116,"Aci_B",0.830269934010883
117,"Aci_B",0.8369248355992
118,"Aci_B",0.843523099040528
119,"Aci_B",0.850065680270123
120,"Aci_B",0.856553511224302
121,"Aci_B",0.862987500637107
122,"Aci_B",0.869368534804188
123,"Aci_B",0.875697478315508
124,"Aci_B",0.881975174758382
125,"Aci_B",0.888202447392275
126,"Aci_B",0.894380099796722
127,"Aci_B",0.900508916493635
128,"Aci_B",0.9065896635452
129,"Aci_B",0.912623089128524
130,"Aci_B",0.918609924088071
131,"Aci_B",0.924550882466954
132,"Aci_B",0.93044666201801
133,"Aci_B",0.936297944695594
134,"Aci_B",0.942105397128956
135,"Aci_B",0.947869671078015
136,"Aci_B",0.953591403872314
137,"Aci_B",0.959271218833902
138,"Aci_B",0.964909725684833
139,"Aci_B",0.970507520939947
140,"Aci_B",0.976065188285594
141,"Aci_B",0.981583298944853
142,"Aci_B",0.98706241202986
143,"Aci_B",0.99250307488178
144,"Aci_B",0.997905823398913
145,"Aci_B",1.00327118235347
146,"Aci_B",1.00859966569743
147,"Aci_B",1.01389177685801
148,"Aci_B",1.01914800902307
149,"Aci_B",1.02436884541691
150,"Aci_B",1.02955475956689
151,"Aci_B",1.03470621556113
152,"Aci_B",1.03982366829779
153,"Aci_B",1.04490756372603
154,"Aci_B",1.0499583390793
155,"Aci_B",1.05497642310097
156,"Aci_B",1.05996223626268
157,"Aci_B",1.06491619097584
158,"Aci_B",1.06983869179628
159,"Aci_B",1.07473013562251
160,"Aci_B",1.07959091188779
161,"Aci_B",1.08442140274612
162,"Aci_B",1.08922198325263
163,"Aci_B",1.0939930215382
164,"Aci_B",1.09873487897899
165,"Aci_B",1.10344791036059
166,"Aci_B",1.10813246403738
167,"Aci_B",1.11278888208698
168,"Aci_B",1.11741750046021
169,"Aci_B",1.12201864912645
170,"Aci_B",1.1265926522149
171,"Aci_B",1.1311398281515
172,"Aci_B",1.13566048979201
173,"Aci_B",1.14015494455116
174,"Aci_B",1.14462349452808
175,"Aci_B",1.14906643662818
176,"Aci_B",1.15348406268149
177,"Aci_B",1.15787665955772
178,"Aci_B",1.16224450927802
179,"Aci_B",1.16658788912362
180,"Aci_B",1.1709070717415
181,"Aci_B",1.17520232524705
182,"Aci_B",1.17947391332398
183,"Aci_B",1.18372209532138
184,"Aci_B",1.18794712634832
185,"Aci_B",1.19214925736565
186,"Aci_B",1.19632873527558
187,"Aci_B",1.20048580300861
188,"Aci_B",1.20462069960834
189,"Aci_B",1.20873366031392
190,"Aci_B",1.21282491664037
191,"Aci_B",1.21689469645677
192,"Aci_B",1.2209432240624
193,"Aci_B",1.22497072026095
194,"Aci_B",1.22897740243277
195,"Aci_B",1.23296348460527
196,"Aci_B",1.2369291775215
197,"Aci_B",1.24087468870705
198,"Aci_B",1.24480022253521
199,"Aci_B",1.24870598029044
200,"Aci_B",1.25259216023037
201,"Aci_B",1.25645895764615
202,"Aci_B",1.26030656492135
203,"Aci_B",1.26413517158937
204,"Aci_B",1.26794496438951
205,"Aci_B",1.27173612732158
206,"Aci_B",1.27550884169923
207,"Aci_B",1.27926328620203
208,"Aci_B",1.28299963692617
209,"Aci_B",1.28671806743408
210,"Aci_B",1.29041874880279
211,"Aci_B",1.29410184967116
212,"Aci_B",1.297767536286
213,"Aci_B",1.30141597254706
214,"Aci_B",1.30504732005106
215,"Aci_B",1.30866173813459
216,"Aci_B",1.31225938391611
217,"Aci_B",1.31584041233687
218,"Aci_B",1.319404976201
219,"Aci_B",1.32295322621463
220,"Aci_B",1.32648531102408
221,"Aci_B",1.33000137725328
222,"Aci_B",1.33350156954027
223,"Aci_B",1.33698603057288
224,"Aci_B",1.34045490112369
225,"Aci_B",1.34390832008408
226,"Aci_B",1.34734642449767
227,"Aci_B",1.3507693495929
228,"Aci_B",1.35417722881498
229,"Aci_B",1.35757019385708
230,"Aci_B",1.3609483746909
231,"Aci_B",1.3643118995965
232,"Aci_B",1.36766089519156
233,"Aci_B",1.37099548645999
234,"Aci_B",1.37431579677988
235,"Aci_B",1.37762194795092
236,"Aci_B",1.38091406022121
237,"Aci_B",1.38419225231348
238,"Aci_B",1.3874566414508
239,"Aci_B",1.39070734338175
240,"Aci_B",1.39394447240498
241,"Aci_B",1.39716814139341
242,"Aci_B",1.40037846181779
243,"Aci_B",1.40357554376982
244,"Aci_B",1.40675949598487
245,"Aci_B",1.40993042586408
246,"Aci_B",1.41308843949619
247,"Aci_B",1.41623364167875
248,"Aci_B",1.41936613593906
249,"Aci_B",1.42248602455458
250,"Aci_B",1.42559340857295
251,"Aci_B",1.4286883878317
252,"Aci_B",1.4317710609774
253,"Aci_B",1.43484152548461
254,"Aci_B",1.43789987767431
255,"Aci_B",1.44094621273209
256,"Aci_B",1.44398062472588
257,"Aci_B",1.44700320662339
258,"Aci_B",1.4500140503092
259,"Aci_B",1.45301324660156
260,"Aci_B",1.45600088526875
261,"Aci_B",1.45897705504527
262,"Aci_B",1.46194184364763
263,"Aci_B",1.46489533778985
264,"Aci_B",1.46783762319869
265,"Aci_B",1.47076878462858
266,"Aci_B",1.47368890587627
267,"Aci_B",1.47659806979521
268,"Aci_B",1.47949635830964
269,"Aci_B",1.48238385242843
270,"Aci_B",1.48526063225869
271,"Aci_B",1.48812677701911
272,"Aci_B",1.49098236505299
273,"Aci_B",1.49382747384117
274,"Aci_B",1.49666218001458
275,"Aci_B",1.49948655936666
276,"Aci_B",1.50230068686551
277,"Aci_B",1.50510463666583
278,"Aci_B",1.50789848212063
279,"Aci_B",1.51068229579277
280,"Aci_B",1.51345614946627
281,"Aci_B",1.51622011415739
282,"Aci_B",1.51897426012553
283,"Aci_B",1.52171865688401
284,"Aci_B",1.52445337321054
285,"Aci_B",1.52717847715757
286,"Aci_B",1.52989403606246
287,"Aci_B",1.53260011655748
288,"Aci_B",1.53529678457959
289,"Aci_B",1.53798410538011
290,"Aci_B",1.54066214353415
291,"Aci_B",1.54333096294997
292,"Aci_B",1.54599062687811
293,"Aci_B",1.54864119792038
294,"Aci_B",1.55128273803869
295,"Aci_B",1.55391530856379
296,"Aci_B",1.55653897020375
297,"Aci_B",1.5591537830524
298,"Aci_B",1.56175980659759
299,"Aci_B",1.56435709972928
300,"Aci_B",1.56694572074757
301,"Aci_B",1.5695257273705
302,"Aci_B",1.57209717674181
303,"Aci_B",1.57466012543854
304,"Aci_B",1.57721462947846
305,"Aci_B",1.57976074432745
306,"Aci_B",1.58229852490671
307,"Aci_B",1.58482802559986
308,"Aci_B",1.58734930025998
309,"Aci_B",1.58986240221643
310,"Aci_B",1.59236738428165
311,"Aci_B",1.5948642987578
312,"Aci_B",1.59735319744336
313,"Aci_B",1.59983413163951
314,"Aci_B",1.60230715215652
315,"Aci_B",1.60477230931999
316,"Aci_B",1.60722965297696
317,"Aci_B",1.60967923250201
318,"Aci_B",1.61212109680319
319,"Aci_B",1.61455529432785
320,"Aci_B",1.61698187306846
321,"Aci_B",1.61940088056825
322,"Aci_B",1.6218123639268
323,"Aci_B",1.62421636980558
324,"Aci_B",1.62661294443331
325,"Aci_B",1.62900213361134
326,"Aci_B",1.63138398271888
327,"Aci_B",1.6337585367182
328,"Aci_B",1.63612584015967
329,"Aci_B",1.63848593718682
330,"Aci_B",1.64083887154127
331,"Aci_B",1.64318468656758
332,"Aci_B",1.64552342521806
333,"Aci_B",1.64785513005746
334,"Aci_B",1.65017984326766
335,"Aci_B",1.65249760665222
336,"Aci_B",1.65480846164088
337,"Aci_B",1.65711244929405
338,"Aci_B",1.65940961030713
339,"Aci_B",1.66169998501487
340,"Aci_B",1.66398361339558
341,"Aci_B",1.66626053507535
342,"Aci_B",1.66853078933218
343,"Aci_B",1.67079441509999
344,"Aci_B",1.67305145097269
345,"Aci_B",1.6753019352081
346,"Aci_B",1.67754590573183
347,"Aci_B",1.67978340014116
348,"Aci_B",1.68201445570876
349,"Aci_B",1.68423910938644
350,"Aci_B",1.68645739780886
351,"Aci_B",1.68866935729707
352,"Aci_B",1.69087502386217
353,"Aci_B",1.69307443320875
354,"Aci_B",1.6952676207384
355,"Aci_B",1.69745462155312
356,"Aci_B",1.69963547045869
357,"Aci_B",1.701810201968
358,"Aci_B",1.7039788503043
359,"Aci_B",1.70614144940446
360,"Aci_B",1.70829803292218
361,"Aci_B",1.71044863423105
362,"Aci_B",1.71259328642773
363,"Aci_B",1.71473202233498
364,"Aci_B",1.71686487450465
365,"Aci_B",1.7189918752207
366,"Aci_B",1.72111305650206
367,"Aci_B",1.72322845010562
368,"Aci_B",1.725338087529
369,"Aci_B",1.72744200001338
370,"Aci_B",1.72954021854633
371,"Aci_B",1.73163277386448
372,"Aci_B",1.73371969645626
373,"Aci_B",1.73580101656454
374,"Aci_B",1.73787676418929
375,"Aci_B",1.73994696909015
376,"Aci_B",1.74201166078902
377,"Aci_B",1.74407086857253
378,"Aci_B",1.7461246214946
379,"Aci_B",1.74817294837885
380,"Aci_B",1.75021587782105
381,"Aci_B",1.75225343819151
382,"Aci_B",1.75428565763744
383,"Aci_B",1.7563125640853
384,"Aci_B",1.75833418524308
385,"Aci_B",1.76035054860257
386,"Aci_B",1.76236168144163
387,"Aci_B",1.7643676108264
388,"Aci_B",1.76636836361345
389,"Aci_B",1.76836396645199
390,"Aci_B",1.77035444578595
391,"Aci_B",1.77233982785611
392,"Aci_B",1.77432013870218
393,"Aci_B",1.77629540416483
394,"Aci_B",1.77826564988773
395,"Aci_B",1.78023090131954
396,"Aci_B",1.78219118371589
397,"Aci_B",1.78414652214129
398,"Aci_B",1.78609694147112
399,"Aci_B",1.78804246639347
400,"Aci_B",1.78998312141105
401,"Aci_B",1.79191893084302
402,"Aci_B",1.79384991882683
403,"Aci_B",1.79577610932003
404,"Aci_B",1.79769752610203
405,"Aci_B",1.79961419277589
406,"Aci_B",1.80152613277005
407,"Aci_B",1.80343336934004
408,"Aci_B",1.80533592557019
409,"Aci_B",1.80723382437529
410,"Aci_B",1.80912708850226
411,"Aci_B",1.81101574053178
412,"Aci_B",1.81289980287991
413,"Aci_B",1.81477929779969
414,"Aci_B",1.81665424738271
415,"Aci_B",1.81852467356064
416,"Aci_B",1.82039059810685
417,"Aci_B",1.82225204263782
418,"Aci_B",1.82410902861476
419,"Aci_B",1.82596157734499
420,"Aci_B",1.82780970998347
421,"Aci_B",1.82965344753424
422,"Aci_B",1.83149281085184
423,"Aci_B",1.83332782064273
424,"Aci_B",1.83515849746667
425,"Aci_B",1.83698486173816
426,"Aci_B",1.83880693372774
427,"Aci_B",1.84062473356335
428,"Aci_B",1.84243828123173
429,"Aci_B",1.84424759657966
430,"Aci_B",1.84605269931527
431,"Aci_B",1.8478536090094
432,"Aci_B",1.84965034509679
433,"Aci_B",1.85144292687738
434,"Aci_B",1.85323137351755
435,"Aci_B",1.85501570405134
436,"Aci_B",1.85679593738168
437,"Aci_B",1.85857209228158
438,"Aci_B",1.86034418739531
439,"Aci_B",1.86211224123959
440,"Aci_B",1.86387627220476
441,"Aci_B",1.86563629855589
442,"Aci_B",1.86739233843396
443,"Aci_B",1.86914440985694
444,"Aci_B",1.87089253072095
445,"Aci_B",1.87263671880128
446,"Aci_B",1.87437699175356
447,"Aci_B",1.87611336711478
448,"Aci_B",1.87784586230437
449,"Aci_B",1.87957449462522
450,"Aci_B",1.88129928126476
451,"Aci_B",1.88302023929596
452,"Aci_B",1.88473738567835
453,"Aci_B",1.88645073725901
454,"Aci_B",1.88816031077358
455,"Aci_B",1.88986612284724
456,"Aci_B",1.89156818999566
457,"Aci_B",1.89326652862598
458,"Aci_B",1.89496115503776
459,"Aci_B",1.8966520854239
460,"Aci_B",1.89833933587158
461,"Aci_B",1.90002292236318
462,"Aci_B",1.90170286077718
463,"Aci_B",1.90337916688907
464,"Aci_B",1.90505185637224
465,"Aci_B",1.90672094479884
466,"Aci_B",1.90838644764067
467,"Aci_B",1.91004838027002
468,"Aci_B",1.91170675796056
469,"Aci_B",1.91336159588812
470,"Aci_B",1.9150129091316
471,"Aci_B",1.91666071267372
472,"Aci_B",1.91830502140189
473,"Aci_B",1.91994585010898
474,"Aci_B",1.92158321349416
475,"Aci_B",1.92321712616363
476,"Aci_B",1.92484760263148
477,"Aci_B",1.92647465732039
478,"Aci_B",1.92809830456243
479,"Aci_B",1.92971855859981
480,"Aci_B",1.93133543358566
481,"Aci_B",1.93294894358472
482,"Aci_B",1.93455910257409
483,"Aci_B",1.936165924444
484,"Aci_B",1.93776942299847
485,"Aci_B",1.93936961195604
486,"Aci_B",1.9409665049505
487,"Aci_B",1.94256011553156
488,"Aci_B",1.94415045716555
489,"Aci_B",1.94573754323608
490,"Aci_B",1.94732138704476
491,"Aci_B",1.94890200181184
492,"Aci_B",1.95047940067687
493,"Aci_B",1.95205359669936
494,"Aci_B",1.95362460285943
495,"Aci_B",1.95519243205847
496,"Aci_B",1.95675709711974
497,"Aci_B",1.95831861078903
498,"Aci_B",1.95987698573526
499,"Aci_B",1.96143223455111
500,"Aci_B",1.96298436975363
501,"Aci_B",1.96453340378486
502,"Aci_B",1.96607934901238
503,"Aci_B",1.96762221772995
504,"Aci_B",1.96916202215808
505,"Aci_B",1.97069877444461
506,"Aci_B",1.97223248666529
507,"Aci_B",1.97376317082433
508,"Aci_B",1.97529083885499
509,"Aci_B",1.97681550262014
510,"Aci_B",1.97833717391277
511,"Aci_B",1.9798558644566
512,"Aci_B",1.98137158590656
513,"Aci_B",1.98288434984937
514,"Aci_B",1.98439416780407
515,"Aci_B",1.9859010512225
516,"Aci_B",1.98740501148988
517,"Aci_B",1.98890605992531
518,"Aci_B",1.99040420778224
519,"Aci_B",1.99189946624903
520,"Aci_B",1.99339184644943
1,"Ack_Ka",-1.0108129806742
2,"Ack_Ka",-0.783417714385425
3,"Ack_Ka",-0.650400010764989
4,"Ack_Ka",-0.556022448096648
5,"Ack_Ka",-0.482817523233897
6,"Ack_Ka",-0.423004744476211
7,"Ack_Ka",-0.372433760605803
8,"Ack_Ka",-0.32862718180787
9,"Ack_Ka",-0.289987040855774
10,"Ack_Ka",-0.255422256945119
11,"Ack_Ka",-0.224154606546357
12,"Ack_Ka",-0.195609478187433
13,"Ack_Ka",-0.169350505581939
14,"Ack_Ka",-0.145038494317025
15,"Ack_Ka",-0.122404553324682
16,"Ack_Ka",-0.101231915519092
17,"Ack_Ka",-0.0813432794425977
18,"Ack_Ka",-0.0625917745669963
19,"Ack_Ka",-0.0448543725792732
20,"Ack_Ka",-0.0280269906563411
21,"Ack_Ka",-0.0120207906965886
22,"Ack_Ka",0.00324065974242083
23,"Ack_Ka",0.0178235948971661
24,"Ack_Ka",0.031785788101345
25,"Ack_Ka",0.0451779342064096
26,"Ack_Ka",0.0580447607068384
27,"Ack_Ka",0.0704259290534406
28,"Ack_Ka",0.0823567719717526
29,"Ack_Ka",0.0938689013386531
30,"Ack_Ka",0.104990712964096
31,"Ack_Ka",0.115747808573101
32,"Ack_Ka",0.126163350769686
33,"Ack_Ka",0.136258363362857
34,"Ack_Ka",0.14605198684618
35,"Ack_Ka",0.155561696834503
36,"Ack_Ka",0.164803491721782
37,"Ack_Ka",0.173792054621962
38,"Ack_Ka",0.182540893709505
39,"Ack_Ka",0.191062464327275
40,"Ack_Ka",0.199368275632437
41,"Ack_Ka",0.207468984071902
42,"Ack_Ka",0.215374475592189
43,"Ack_Ka",0.22309393817469
44,"Ack_Ka",0.230635926031199
45,"Ack_Ka",0.238008416584532
46,"Ack_Ka",0.245218861185944
47,"Ack_Ka",0.25227423037771
48,"Ack_Ka",0.259181054390123
49,"Ack_Ka",0.265945459462597
50,"Ack_Ka",0.272573200495188
51,"Ack_Ka",0.279069690466617
52,"Ack_Ka",0.285440026995616
53,"Ack_Ka",0.291689016372133
54,"Ack_Ka",0.297821195342219
55,"Ack_Ka",0.303840850893949
56,"Ack_Ka",0.309752038260531
57,"Ack_Ka",0.315558597329942
58,"Ack_Ka",0.321264167627431
59,"Ack_Ka",0.326872202017261
60,"Ack_Ka",0.332385979252873
61,"Ack_Ka",0.337808615489707
62,"Ack_Ka",0.343143074861879
63,"Ack_Ka",0.348392179212626
64,"Ack_Ka",0.353558617058464
65,"Ack_Ka",0.358644951858367
66,"Ack_Ka",0.363653629651635
67,"Ack_Ka",0.368586986121419
68,"Ack_Ka",0.373447253134958
69,"Ack_Ka",0.378236564806381
70,"Ack_Ka",0.382956963123281
71,"Ack_Ka",0.387610403174209
72,"Ack_Ka",0.392198758010559
73,"Ack_Ka",0.396723823173135
74,"Ack_Ka",0.40118732091074
75,"Ack_Ka",0.405590904115624
76,"Ack_Ka",0.409936159998283
77,"Ack_Ka",0.414224613522043
78,"Ack_Ka",0.418457730616053
79,"Ack_Ka",0.422636921183601
80,"Ack_Ka",0.426763541921215
81,"Ack_Ka",0.430838898962655
82,"Ack_Ka",0.434864250360679
83,"Ack_Ka",0.43884080841839
84,"Ack_Ka",0.442769741880967
85,"Ack_Ka",0.446652177997709
86,"Ack_Ka",0.450489204463468
87,"Ack_Ka",0.454281871247868
88,"Ack_Ka",0.458031192319976
89,"Ack_Ka",0.461738147275542
90,"Ack_Ka",0.46540368287331
91,"Ack_Ka",0.46902871448646
92,"Ack_Ka",0.472614127474722
93,"Ack_Ka",0.476160778482316
94,"Ack_Ka",0.479669496666488
95,"Ack_Ka",0.483141084861033
96,"Ack_Ka",0.486576320678901
97,"Ack_Ka",0.489975957557663
98,"Ack_Ka",0.493340725751375
99,"Ack_Ka",0.496671333272072
100,"Ack_Ka",0.499968466783965
101,"Ack_Ka",0.50323279245314
102,"Ack_Ka",0.506464956755394
103,"Ack_Ka",0.509665587244678
104,"Ack_Ka",0.512835293284394
105,"Ack_Ka",0.515974666743718
106,"Ack_Ka",0.519084282660911
107,"Ack_Ka",0.52216469987549
108,"Ack_Ka",0.525216461630996
109,"Ack_Ka",0.528240096149978
110,"Ack_Ka",0.531236117182727
111,"Ack_Ka",0.534205024531176
112,"Ack_Ka",0.537147304549308
113,"Ack_Ka",0.540063430621319
114,"Ack_Ka",0.542953863618719
115,"Ack_Ka",0.545819052337473
116,"Ack_Ka",0.548659433916209
117,"Ack_Ka",0.55147543423649
118,"Ack_Ka",0.554267468306039
119,"Ack_Ka",0.557035940625803
120,"Ack_Ka",0.559781245541651
121,"Ack_Ka",0.562503767581489
122,"Ack_Ka",0.565203881778485
123,"Ack_Ka",0.567881953981116
124,"Ack_Ka",0.570538341150657
125,"Ack_Ka",0.573173391646716
126,"Ack_Ka",0.575787445501404
127,"Ack_Ka",0.578380834682658
128,"Ack_Ka",0.580953883347242
129,"Ack_Ka",0.583506908083905
130,"Ack_Ka",0.586040218147145
131,"Ack_Ka",0.58855411568202
132,"Ack_Ka",0.591048895940413
133,"Ack_Ka",0.593524847489127
134,"Ack_Ka",0.595982252410197
135,"Ack_Ka",0.598421386493747
136,"Ack_Ka",0.600842519423736
137,"Ack_Ka",0.603245914956895
138,"Ack_Ka",0.605631831095159
139,"Ack_Ka",0.608000520251877
140,"Ack_Ka",0.610352229412059
141,"Ack_Ka",0.612687200286925
142,"Ack_Ka",0.615005669462986
143,"Ack_Ka",0.617307868545906
144,"Ack_Ka",0.619594024299337
145,"Ack_Ka",0.621864358778959
146,"Ack_Ka",0.624119089461913
147,"Ack_Ka",0.626358429371811
148,"Ack_Ka",0.628582587199517
149,"Ack_Ka",0.630791767419852
150,"Ack_Ka",0.632986170404402
151,"Ack_Ka",0.635165992530575
152,"Ack_Ka",0.637331426287061
153,"Ack_Ka",0.639482660375831
154,"Ack_Ka",0.641619879810821
155,"Ack_Ka",0.643743266013407
156,"Ack_Ka",0.645852996904831
157,"Ack_Ka",0.647949246995652
158,"Ack_Ka",0.650032187472378
159,"Ack_Ka",0.652101986281348
160,"Ack_Ka",0.654158808209993
161,"Ack_Ka",0.656202814965566
162,"Ack_Ka",0.658234165251433
163,"Ack_Ka",0.660253014841012
164,"Ack_Ka",0.662259516649457
165,"Ack_Ka",0.664253820803164
166,"Ack_Ka",0.666236074707168
167,"Ack_Ka",0.668206423110526
168,"Ack_Ka",0.670165008169745
169,"Ack_Ka",0.672111969510324
170,"Ack_Ka",0.674047444286487
171,"Ack_Ka",0.675971567239156
172,"Ack_Ka",0.677884470752246
173,"Ack_Ka",0.679786284907314
174,"Ack_Ka",0.681677137536645
175,"Ack_Ka",0.68355715427481
176,"Ack_Ka",0.685426458608754
177,"Ack_Ka",0.687285171926475
178,"Ack_Ka",0.68913341356432
179,"Ack_Ka",0.690971300852959
180,"Ack_Ka",0.692798949162088
181,"Ack_Ka",0.694616471943878
182,"Ack_Ka",0.696423980775238
183,"Ack_Ka",0.698221585398922
184,"Ack_Ka",0.7000093937635
185,"Ack_Ka",0.701787512062268
186,"Ack_Ka",0.703556044771094
187,"Ack_Ka",0.705315094685248
188,"Ack_Ka",0.707064762955266
189,"Ack_Ka",0.708805149121841
190,"Ack_Ka",0.710536351149811
191,"Ack_Ka",0.712258465461248
192,"Ack_Ka",0.713971586967679
193,"Ack_Ka",0.715675809101477
194,"Ack_Ka",0.717371223846441
195,"Ack_Ka",0.719057921767582
196,"Ack_Ka",0.720735992040153
197,"Ack_Ka",0.722405522477943
198,"Ack_Ka",0.72406659956085
199,"Ack_Ka",0.725719308461757
200,"Ack_Ka",0.727363733072743
201,"Ack_Ka",0.728999956030634
202,"Ack_Ka",0.730628058741918
203,"Ack_Ka",0.732248121407053
204,"Ack_Ka",0.733860223044172
205,"Ack_Ka",0.735464441512208
206,"Ack_Ka",0.737060853533456
207,"Ack_Ka",0.738649534715595
208,"Ack_Ka",0.740230559573172
209,"Ack_Ka",0.741804001548573
210,"Ack_Ka",0.743369933032496
211,"Ack_Ka",0.744928425383934
212,"Ack_Ka",0.746479548949689
213,"Ack_Ka",0.748023373083423
214,"Ack_Ka",0.749559966164268
215,"Ack_Ka",0.751089395614997
216,"Ack_Ka",0.752611727919774
217,"Ack_Ka",0.754127028641501
218,"Ack_Ka",0.755635362438756
219,"Ack_Ka",0.75713679308235
220,"Ack_Ka",0.758631383471505
221,"Ack_Ka",0.760119195649666
222,"Ack_Ka",0.761600290819954
223,"Ack_Ka",0.763074729360275
224,"Ack_Ka",0.764542570838086
225,"Ack_Ka",0.766003874024839
226,"Ack_Ka",0.767458696910097
227,"Ack_Ka",0.768907096715346
228,"Ack_Ka",0.770349129907497
229,"Ack_Ka",0.771784852212098
230,"Ack_Ka",0.773214318626251
231,"Ack_Ka",0.774637583431257
232,"Ack_Ka",0.776054700204987
233,"Ack_Ka",0.777465721833974
234,"Ack_Ka",0.778870700525268
235,"Ack_Ka",0.780269687818016
236,"Ack_Ka",0.781662734594817
237,"Ack_Ka",0.783049891092815
238,"Ack_Ka",0.78443120691458
239,"Ack_Ka",0.785806731038746
240,"Ack_Ka",0.787176511830429
241,"Ack_Ka",0.78854059705144
242,"Ack_Ka",0.789899033870267
243,"Ack_Ka",0.79125186887187
244,"Ack_Ka",0.792599148067263
245,"Ack_Ka",0.793940916902903
246,"Ack_Ka",0.795277220269894
247,"Ack_Ka",0.796608102512991
248,"Ack_Ka",0.797933607439435
249,"Ack_Ka",0.799253778327604
250,"Ack_Ka",0.800568657935494
251,"Ack_Ka",0.801878288509023
252,"Ack_Ka",0.803182711790182
253,"Ack_Ka",0.804481969025012
254,"Ack_Ka",0.805776100971435
255,"Ack_Ka",0.807065147906923
256,"Ack_Ka",0.80834914963602
257,"Ack_Ka",0.809628145497716
258,"Ack_Ka",0.810902174372683
259,"Ack_Ka",0.812171274690362
260,"Ack_Ka",0.813435484435923
261,"Ack_Ka",0.814694841157082
262,"Ack_Ka",0.815949381970798
263,"Ack_Ka",0.817199143569833
264,"Ack_Ka",0.818444162229191
265,"Ack_Ka",0.819684473812439
266,"Ack_Ka",0.820920113777905
267,"Ack_Ka",0.822151117184756
268,"Ack_Ka",0.823377518698974
269,"Ack_Ka",0.824599352599208
270,"Ack_Ka",0.825816652782525
271,"Ack_Ka",0.827029452770051
272,"Ack_Ka",0.828237785712514
273,"Ack_Ka",0.829441684395675
274,"Ack_Ka",0.830641181245672
275,"Ack_Ka",0.831836308334256
276,"Ack_Ka",0.833027097383936
277,"Ack_Ka",0.834213579773037
278,"Ack_Ka",0.835395786540654
279,"Ack_Ka",0.83657374839153
280,"Ack_Ka",0.837747495700837
281,"Ack_Ka",0.838917058518878
282,"Ack_Ka",0.840082466575703
283,"Ack_Ka",0.841243749285642
284,"Ack_Ka",0.842400935751764
285,"Ack_Ka",0.843554054770248
286,"Ack_Ka",0.844703134834684
287,"Ack_Ka",0.845848204140302
288,"Ack_Ka",0.846989290588115
289,"Ack_Ka",0.848126421789008
290,"Ack_Ka",0.849259625067737
291,"Ack_Ka",0.850388927466878
292,"Ack_Ka",0.851514355750691
293,"Ack_Ka",0.852635936408932
294,"Ack_Ka",0.853753695660589
295,"Ack_Ka",0.854867659457567
296,"Ack_Ka",0.855977853488295
297,"Ack_Ka",0.857084303181287
298,"Ack_Ka",0.85818703370863
299,"Ack_Ka",0.85928606998943
300,"Ack_Ka",0.86038143669318
301,"Ack_Ka",0.86147315824309
302,"Ack_Ka",0.862561258819353
303,"Ack_Ka",0.863645762362354
304,"Ack_Ka",0.864726692575838
305,"Ack_Ka",0.865804072930013
306,"Ack_Ka",0.866877926664609
307,"Ack_Ka",0.867948276791888
308,"Ack_Ka",0.869015146099599
309,"Ack_Ka",0.870078557153893
310,"Ack_Ka",0.871138532302185
311,"Ack_Ka",0.872195093675973
312,"Ack_Ka",0.873248263193609
313,"Ack_Ka",0.874298062563027
314,"Ack_Ka",0.87534451328443
315,"Ack_Ka",0.876387636652932
316,"Ack_Ka",0.877427453761156
317,"Ack_Ka",0.878463985501793
318,"Ack_Ka",0.879497252570125
319,"Ack_Ka",0.880527275466499
320,"Ack_Ka",0.88155407449877
321,"Ack_Ka",0.882577669784705
322,"Ack_Ka",0.883598081254344
323,"Ack_Ka",0.884615328652332
324,"Ack_Ka",0.885629431540211
325,"Ack_Ka",0.886640409298673
326,"Ack_Ka",0.88764828112979
327,"Ack_Ka",0.888653066059193
328,"Ack_Ka",0.889654782938235
329,"Ack_Ka",0.89065345044611
330,"Ack_Ka",0.891649087091942
331,"Ack_Ka",0.892641711216843
332,"Ack_Ka",0.893631340995945
333,"Ack_Ka",0.894617994440391
334,"Ack_Ka",0.895601689399304
335,"Ack_Ka",0.896582443561725
336,"Ack_Ka",0.897560274458523
337,"Ack_Ka",0.898535199464271
338,"Ack_Ka",0.899507235799102
339,"Ack_Ka",0.900476400530534
340,"Ack_Ka",0.901442710575264
341,"Ack_Ka",0.902406182700947
342,"Ack_Ka",0.903366833527934
343,"Ack_Ka",0.904324679530997
344,"Ack_Ka",0.905279737041024
345,"Ack_Ka",0.906232022246687
346,"Ack_Ka",0.907181551196092
347,"Ack_Ka",0.908128339798399
348,"Ack_Ka",0.909072403825423
349,"Ack_Ka",0.910013758913209
350,"Ack_Ka",0.910952420563587
351,"Ack_Ka",0.911888404145704
352,"Ack_Ka",0.912821724897532
353,"Ack_Ka",0.913752397927359
354,"Ack_Ka",0.914680438215253
355,"Ack_Ka",0.915605860614515
356,"Ack_Ka",0.916528679853098
357,"Ack_Ka",0.917448910535017
358,"Ack_Ka",0.918366567141737
359,"Ack_Ka",0.919281664033539
360,"Ack_Ka",0.920194215450866
361,"Ack_Ka",0.921104235515657
362,"Ack_Ka",0.922011738232656
363,"Ack_Ka",0.922916737490703
364,"Ack_Ka",0.923819247064016
365,"Ack_Ka",0.924719280613442
366,"Ack_Ka",0.925616851687699
367,"Ack_Ka",0.926511973724605
368,"Ack_Ka",0.927404660052278
369,"Ack_Ka",0.928294923890331
370,"Ack_Ka",0.929182778351046
371,"Ack_Ka",0.930068236440533
372,"Ack_Ka",0.930951311059871
373,"Ack_Ka",0.931832015006239
374,"Ack_Ka",0.932710360974026
375,"Ack_Ka",0.933586361555931
376,"Ack_Ka",0.934460029244044
377,"Ack_Ka",0.935331376430917
378,"Ack_Ka",0.936200415410619
379,"Ack_Ka",0.937067158379773
380,"Ack_Ka",0.937931617438589
381,"Ack_Ka",0.938793804591872
382,"Ack_Ka",0.939653731750026
383,"Ack_Ka",0.940511410730038
384,"Ack_Ka",0.941366853256457
385,"Ack_Ka",0.942220070962349
386,"Ack_Ka",0.943071075390255
387,"Ack_Ka",0.943919877993119
388,"Ack_Ka",0.944766490135219
389,"Ack_Ka",0.945610923093076
390,"Ack_Ka",0.946453188056359
391,"Ack_Ka",0.947293296128772
392,"Ack_Ka",0.948131258328931
393,"Ack_Ka",0.948967085591235
394,"Ack_Ka",0.949800788766721
395,"Ack_Ka",0.950632378623907
396,"Ack_Ka",0.951461865849628
397,"Ack_Ka",0.95228926104986
398,"Ack_Ka",0.953114574750535
399,"Ack_Ka",0.953937817398342
400,"Ack_Ka",0.954758999361521
401,"Ack_Ka",0.955578130930649
402,"Ack_Ka",0.956395222319411
403,"Ack_Ka",0.957210283665365
404,"Ack_Ka",0.958023325030696
405,"Ack_Ka",0.958834356402961
406,"Ack_Ka",0.959643387695831
407,"Ack_Ka",0.960450428749808
408,"Ack_Ka",0.96125548933295
409,"Ack_Ka",0.962058579141581
410,"Ack_Ka",0.962859707800986
411,"Ack_Ka",0.963658884866109
412,"Ack_Ka",0.964456119822234
413,"Ack_Ka",0.965251422085661
414,"Ack_Ka",0.966044801004373
415,"Ack_Ka",0.966836265858696
416,"Ack_Ka",0.96762582586195
417,"Ack_Ka",0.968413490161091
418,"Ack_Ka",0.969199267837351
419,"Ack_Ka",0.96998316790686
420,"Ack_Ka",0.970765199321274
421,"Ack_Ka",0.97154537096838
422,"Ack_Ka",0.972323691672712
423,"Ack_Ka",0.973100170196139
424,"Ack_Ka",0.973874815238467
425,"Ack_Ka",0.974647635438015
426,"Ack_Ka",0.975418639372201
427,"Ack_Ka",0.976187835558107
428,"Ack_Ka",0.976955232453046
429,"Ack_Ka",0.977720838455121
430,"Ack_Ka",0.978484661903774
431,"Ack_Ka",0.979246711080334
432,"Ack_Ka",0.980006994208552
433,"Ack_Ka",0.980765519455136
434,"Ack_Ka",0.981522294930279
435,"Ack_Ka",0.982277328688174
436,"Ack_Ka",0.983030628727534
437,"Ack_Ka",0.983782202992096
438,"Ack_Ka",0.984532059371128
439,"Ack_Ka",0.98528020569992
440,"Ack_Ka",0.986026649760283
441,"Ack_Ka",0.986771399281026
442,"Ack_Ka",0.987514461938444
443,"Ack_Ka",0.988255845356787
444,"Ack_Ka",0.988995557108732
445,"Ack_Ka",0.989733604715848
446,"Ack_Ka",0.990469995649053
447,"Ack_Ka",0.991204737329067
448,"Ack_Ka",0.991937837126864
449,"Ack_Ka",0.992669302364113
450,"Ack_Ka",0.993399140313617
451,"Ack_Ka",0.994127358199748
452,"Ack_Ka",0.994853963198875
453,"Ack_Ka",0.995578962439789
454,"Ack_Ka",0.996302363004124
455,"Ack_Ka",0.997024171926767
456,"Ack_Ka",0.997744396196275
457,"Ack_Ka",0.998463042755277
458,"Ack_Ka",0.999180118500875
459,"Ack_Ka",0.999895630285046
460,"Ack_Ka",1.00060958491503
461,"Ack_Ka",1.00132198915371
462,"Ack_Ka",1.00203284972004
463,"Ack_Ka",1.00274217328934
464,"Ack_Ka",1.00344996649376
465,"Ack_Ka",1.00415623592262
466,"Ack_Ka",1.00486098812275
467,"Ack_Ka",1.00556422959889
468,"Ack_Ka",1.00626596681405
469,"Ack_Ka",1.00696620618982
470,"Ack_Ka",1.00766495410679
471,"Ack_Ka",1.00836221690487
472,"Ack_Ka",1.00905800088359
473,"Ack_Ka",1.00975231230254
474,"Ack_Ka",1.01044515738159
475,"Ack_Ka",1.01113654230134
476,"Ack_Ka",1.01182647320336
477,"Ack_Ka",1.01251495619056
478,"Ack_Ka",1.01320199732752
479,"Ack_Ka",1.01388760264079
480,"Ack_Ka",1.01457177811921
481,"Ack_Ka",1.01525452971423
482,"Ack_Ka",1.01593586334022
483,"Ack_Ka",1.01661578487478
484,"Ack_Ka",1.01729430015904
485,"Ack_Ka",1.01797141499797
486,"Ack_Ka",1.01864713516065
487,"Ack_Ka",1.01932146638059
488,"Ack_Ka",1.01999441435604
489,"Ack_Ka",1.02066598475023
490,"Ack_Ka",1.02133618319168
491,"Ack_Ka",1.02200501527451
492,"Ack_Ka",1.02267248655867
493,"Ack_Ka",1.02333860257026
494,"Ack_Ka",1.02400336880177
495,"Ack_Ka",1.02466679071238
496,"Ack_Ka",1.02532887372821
497,"Ack_Ka",1.02598962324261
498,"Ack_Ka",1.02664904461638
499,"Ack_Ka",1.02730714317809
500,"Ack_Ka",1.02796392422427
501,"Ack_Ka",1.02861939301974
502,"Ack_Ka",1.0292735547978
503,"Ack_Ka",1.02992641476052
504,"Ack_Ka",1.03057797807896
505,"Ack_Ka",1.03122824989345
506,"Ack_Ka",1.03187723531379
507,"Ack_Ka",1.03252493941954
508,"Ack_Ka",1.03317136726021
509,"Ack_Ka",1.03381652385554
510,"Ack_Ka",1.0344604141957
511,"Ack_Ka",1.03510304324154
512,"Ack_Ka",1.0357444159248
513,"Ack_Ka",1.03638453714837
514,"Ack_Ka",1.03702341178649
515,"Ack_Ka",1.03766104468498
516,"Ack_Ka",1.03829744066146
517,"Ack_Ka",1.03893260450556
518,"Ack_Ka",1.03956654097914
519,"Ack_Ka",1.04019925481653
520,"Ack_Ka",1.0408307507247
